Date,"Close Price","20 Day MA","50 Day MA"
2015-01-01,1975.8,1975.80,1975.80
2015-01-02,2013.45,1994.62,1994.62
2015-01-05,1996.6,1995.28,1995.28
2015-01-06,1956.85,1985.68,1985.68
2015-01-07,1964.8,1981.50,1981.50
2015-01-08,1974.55,1980.34,1980.34
2015-01-09,2073.6,1993.66,1993.66
2015-01-12,2114.75,2008.80,2008.80
2015-01-13,2087.25,2017.52,2017.52
2015-01-14,2128.8,2028.64,2028.64
2015-01-15,2133.95,2038.22,2038.22
2015-01-16,2114.15,2044.55,2044.55
2015-01-19,2102.4,2049.00,2049.00
2015-01-20,2122.35,2054.24,2054.24
2015-01-21,2165.1,2061.63,2061.63
2015-01-22,2195.7,2070.01,2070.01
2015-01-23,2214.05,2078.48,2078.48
2015-01-27,2136,2081.68,2081.68
2015-01-28,2145.1,2085.01,2085.01
2015-01-29,2142.9,2087.91,2087.91
2015-01-30,2142.75,2096.26,2090.52
2015-02-02,2134.35,2102.30,2092.51
2015-02-03,2120.35,2108.49,2093.72
2015-02-04,2142.05,2117.75,2095.74
2015-02-05,2193.6,2129.19,2099.65
2015-02-06,2229.35,2141.93,2104.64
2015-02-09,2250.2,2150.76,2110.03
2015-02-10,2280.3,2159.04,2116.11
2015-02-11,2287.2,2169.03,2122.01
2015-02-12,2315.45,2178.36,2128.46
2015-02-13,2296.4,2186.49,2133.88
2015-02-16,2278.5,2194.70,2138.40
2015-02-18,2295.75,2204.37,2143.16
2015-02-19,2326.6,2214.58,2148.56
2015-02-20,2284.3,2220.54,2152.44
2015-02-23,2270.7,2224.29,2155.72
2015-02-24,2278.15,2227.50,2159.03
2015-02-25,2318.05,2236.60,2163.22
2015-02-26,2259.5,2242.32,2165.68
2015-02-27,2266.35,2248.50,2168.20
2015-02-28,2294.85,2256.10,2171.29
2015-03-02,2291.45,2263.96,2174.15
2015-03-03,2297.35,2272.80,2177.02
2015-03-04,2272.6,2279.33,2179.19
2015-03-05,2251.7,2282.24,2180.80
2015-03-09,2190.55,2280.30,2181.01
2015-03-10,2200.1,2277.79,2181.42
2015-03-11,2183.6,2272.96,2181.46
2015-03-12,2217.8,2269.49,2182.21
2015-03-13,2216.45,2264.54,2182.89
2015-03-16,2267,2263.07,2188.71
2015-03-17,2241.95,2261.24,2193.28
2015-03-18,2230.2,2257.96,2197.96
2015-03-19,2229.9,2253.13,2203.42
2015-03-20,2258.95,2251.86,2209.30
2015-03-23,2232.4,2249.94,2214.46
2015-03-24,2212.1,2246.64,2217.23
2015-03-25,2217.7,2241.62,2219.29
2015-03-26,2144.45,2235.87,2220.43
2015-03-27,2201.95,2232.65,2221.89
2015-03-30,2229.8,2229.40,2223.81
2015-03-31,2216.6,2225.66,2225.86
2015-04-01,2172.25,2219.40,2227.26
2015-04-06,2177.2,2214.63,2228.35
2015-04-07,2161.25,2210.11,2228.28
2015-04-08,2200.8,2210.62,2228.38
2015-04-09,2211.4,2211.19,2228.32
2015-04-10,2233.3,2213.67,2230.27
2015-04-13,2239,2214.73,2232.15
2015-04-15,2213.2,2214.57,2233.55
2015-04-16,2191.1,2210.78,2234.52
2015-04-17,2181.95,2207.77,2235.47
2015-04-20,2133.25,2202.93,2235.73
2015-04-21,2144.4,2198.65,2235.78
2015-04-22,2138.45,2192.63,2234.68
2015-04-23,2122.55,2187.13,2232.54
2015-04-24,1996.25,2176.34,2227.46
2015-04-27,1986,2164.76,2221.57
2015-04-28,1961.35,2155.60,2215.06
2015-04-29,1961.6,2143.58,2207.98
2015-04-30,1942.4,2129.21,2200.90
2015-05-04,1994.3,2118.10,2195.22
2015-05-05,1966.75,2107.83,2188.64
2015-05-06,1922.5,2095.09,2180.55
2015-05-07,1942.8,2084.17,2173.72
2015-05-08,1958,2072.03,2167.47
2015-05-11,1992,2061.06,2161.75
2015-05-12,1949.6,2046.87,2154.38
2015-05-13,1955.95,2032.72,2148.31
2015-05-14,1934.55,2018.79,2141.67
2015-05-15,1959.75,2007.22,2134.97
2015-05-18,1991.75,1997.71,2128.98
2015-05-19,2018.15,1991.96,2123.39
2015-05-20,2044.7,1986.97,2118.83
2015-05-21,2043.35,1982.21,2114.67
2015-05-22,2041.8,1978.18,2111.69
2015-05-25,2018,1979.26,2108.05
2015-05-26,2009.3,1980.43,2104.56
2015-05-27,1969.05,1980.82,2099.59
2015-05-28,2014.3,1983.45,2095.55
2015-05-29,2022.4,1987.45,2090.65
2015-06-01,2045.7,1990.02,2086.73
2015-06-02,2008.8,1992.12,2082.30
2015-06-03,2023.1,1997.15,2078.17
2015-06-04,2028.05,2001.42,2073.55
2015-06-05,2012.1,2004.12,2069.14
2015-06-08,2000.25,2004.53,2064.90
2015-06-09,1992.55,2006.68,2060.40
2015-06-10,2026.2,2010.19,2058.04
2015-06-11,2001.85,2013.56,2054.03
2015-06-12,1976.65,2014.40,2048.97
2015-06-15,991.1,1964.37,2024.46
2015-06-16,999.45,1913.43,2001.01
2015-06-17,995.8,1860.99,1977.38
2015-06-18,1000.9,1808.87,1954.17
2015-06-19,996.75,1756.62,1930.09
2015-06-22,1024.4,1706.94,1906.35
2015-06-23,1001.15,1656.53,1881.71
2015-06-24,995.1,1607.83,1856.83
2015-06-25,991.15,1556.67,1832.39
2015-06-26,1006.1,1505.86,1808.69
2015-06-29,990.25,1453.08,1784.85
2015-06-30,985.35,1401.91,1761.90
2015-07-01,997.7,1350.64,1738.96
2015-07-02,988.15,1298.65,1715.95
2015-07-03,989.95,1247.54,1693.30
2015-07-06,983.5,1196.70,1673.05
2015-07-07,982.05,1146.18,1652.97
2015-07-08,957.2,1092.73,1632.89
2015-07-09,937.7,1039.52,1612.41
2015-07-10,937,987.54,1592.30
2015-07-13,950.05,985.48,1571.42
2015-07-14,970.1,984.02,1551.48
2015-07-15,982.65,983.36,1532.68
2015-07-16,987.8,982.71,1513.58
2015-07-17,1002,982.97,1494.46
2015-07-20,1001.9,981.84,1474.66
2015-07-21,1112.65,987.42,1457.92
2015-07-22,1102.6,992.79,1440.86
2015-07-23,1098.85,998.18,1424.14
2015-07-24,1089.35,1002.34,1406.74
2015-07-27,1065,1006.08,1388.20
2015-07-28,1063.5,1009.98,1369.11
2015-07-29,1085.2,1014.36,1349.92
2015-07-30,1069.1,1018.41,1330.43
2015-07-31,1078.05,1022.81,1311.16
2015-08-03,1079.05,1027.59,1292.38
2015-08-04,1059.8,1031.48,1273.39
2015-08-05,1086.55,1037.94,1255.74
2015-08-06,1089.45,1045.53,1237.24
2015-08-07,1095.6,1053.46,1218.70
2015-08-10,1081.95,1060.06,1199.43
2015-08-11,1104.35,1066.77,1181.34
2015-08-12,1141.75,1074.72,1163.71
2015-08-13,1156.85,1083.18,1146.29
2015-08-14,1149,1090.53,1129.03
2015-08-17,1141.85,1097.52,1111.86
2015-08-18,1163.8,1100.08,1095.29
2015-08-19,1175.05,1103.70,1078.26
2015-08-20,1138.2,1105.67,1060.99
2015-08-21,1150.6,1108.74,1044.47
2015-08-24,1092.65,1110.12,1046.50
2015-08-25,1086.5,1111.27,1048.24
2015-08-26,1065.35,1110.28,1049.63
2015-08-27,1084.1,1111.02,1051.29
2015-08-28,1110.7,1112.66,1053.57
2015-08-31,1095.2,1113.46,1054.99
2015-09-01,1089.65,1114.96,1056.76
2015-09-02,1100.3,1115.64,1058.86
2015-09-03,1100.65,1116.21,1061.05
2015-09-04,1073.8,1115.12,1062.41
2015-09-07,1059.6,1114.00,1063.79
2015-09-08,1059.3,1111.75,1065.27
2015-09-09,1088.5,1109.08,1067.09
2015-09-10,1080.35,1105.26,1068.93
2015-09-11,1090.7,1102.34,1070.95
2015-09-14,1097.75,1100.14,1073.23
2015-09-15,1098.4,1096.87,1075.56
2015-09-16,1101.5,1093.19,1078.45
2015-09-18,1104.75,1091.52,1081.79
2015-09-21,1104.65,1089.22,1085.14
2015-09-22,1105.5,1089.86,1088.25
2015-09-23,1116.65,1091.37,1091.18
2015-09-24,1141.4,1095.17,1094.36
2015-09-28,1108.2,1096.38,1096.76
2015-09-29,1121.1,1096.90,1099.15
2015-09-30,1160.45,1100.16,1102.32
2015-10-01,1173.25,1104.34,1103.53
2015-10-05,1180.5,1108.35,1105.09
2015-10-06,1154.85,1111.06,1106.21
2015-10-07,1133.15,1114.03,1107.08
2015-10-08,1132.45,1117.67,1108.43
2015-10-09,1167.85,1123.10,1110.52
2015-10-12,1122.5,1124.80,1111.26
2015-10-13,1098.65,1125.71,1111.86
2015-10-14,1097.45,1126.05,1112.24
2015-10-15,1097,1126.01,1112.60
2015-10-16,1093.75,1125.78,1113.28
2015-10-19,1112.2,1126.32,1113.79
2015-10-20,1125.35,1127.34,1114.51
2015-10-21,1137.6,1128.99,1115.35
2015-10-23,1148.55,1131.14,1116.68
2015-10-26,1151.4,1132.88,1117.63
2015-10-27,1148.45,1133.24,1117.76
2015-10-28,1151.35,1135.39,1117.65
2015-10-29,1142.7,1136.47,1117.52
2015-10-30,1136.05,1135.25,1117.41
2015-11-02,1131.55,1133.17,1116.76
2015-11-03,1143,1131.29,1116.12
2015-11-04,1137.05,1130.40,1116.10
2015-11-05,1122.45,1129.87,1115.54
2015-11-06,1138.05,1130.15,1116.44
2015-11-09,1133.95,1128.45,1117.39
2015-11-10,1106.4,1127.65,1118.21
2015-11-11,1109.15,1128.17,1118.71
2015-11-13,1100.45,1128.32,1118.51
2015-11-16,1080.2,1127.48,1118.21
2015-11-17,1061.1,1125.85,1117.64
2015-11-18,1019.85,1121.23,1116.03
2015-11-19,1047.3,1117.33,1114.96
2015-11-20,1052.9,1113.09,1114.54
2015-11-23,1053.5,1108.34,1114.42
2015-11-24,1041,1102.82,1114.06
2015-11-26,1053.2,1098.06,1113.35
2015-11-27,1066.3,1093.81,1113.07
2015-11-30,1088.45,1091.10,1113.03
2015-12-01,1076.65,1088.13,1112.60
2015-12-02,1060.2,1084.56,1111.84
2015-12-03,1056,1080.21,1110.93
2015-12-04,1047.8,1075.75,1109.79
2015-12-07,1045.85,1071.92,1108.61
2015-12-08,1044.95,1067.26,1107.40
2015-12-09,1029.35,1062.03,1105.66
2015-12-10,1046.4,1059.03,1103.76
2015-12-11,1052.35,1056.19,1102.64
2015-12-14,1069.5,1054.64,1101.61
2015-12-15,1076.9,1054.48,1099.94
2015-12-16,1095.4,1056.19,1098.38
2015-12-17,1106.95,1060.55,1096.91
2015-12-18,1085.95,1062.48,1095.53
2015-12-21,1102,1064.94,1094.91
2015-12-22,1083.6,1066.44,1093.93
2015-12-23,1098,1069.29,1092.53
2015-12-24,1095.85,1071.42,1092.00
2015-12-28,1101.65,1073.19,1092.06
2015-12-29,1103.75,1073.96,1092.19
2015-12-30,1086.05,1074.42,1091.97
2015-12-31,1104.55,1076.64,1092.18
2016-01-01,1103.15,1079.00,1092.00
2016-01-04,1080.6,1080.64,1091.11
2016-01-05,1074.8,1082.09,1089.85
2016-01-06,1069.45,1083.31,1088.27
2016-01-07,1051.25,1084.41,1086.27
2016-01-08,1062.65,1085.22,1084.55
2016-01-11,1057.1,1085.46,1082.67
2016-01-12,1050.05,1084.48,1080.81
2016-01-13,1082.35,1084.76,1079.74
2016-01-14,1128.7,1086.42,1079.68
2016-01-15,1140.2,1088.08,1079.63
2016-01-18,1131.95,1090.38,1079.52
2016-01-19,1139.1,1092.24,1079.86
2016-01-20,1121.65,1094.14,1079.53
2016-01-21,1136.5,1096.07,1079.58
2016-01-22,1135.9,1098.07,1080.17
2016-01-25,1137.65,1099.87,1080.74
2016-01-27,1138.35,1101.60,1081.50
2016-01-28,1131.35,1103.87,1082.52
2016-01-29,1164.85,1106.88,1084.60
2016-02-01,1171.3,1110.29,1087.62
2016-02-02,1174.8,1115.00,1090.18
2016-02-03,1158.15,1119.16,1092.28
2016-02-04,1179.9,1124.69,1094.81
2016-02-05,1174.95,1130.87,1097.49
2016-02-08,1149.1,1135.20,1099.40
2016-02-09,1109.3,1137.80,1100.26
2016-02-10,1110.15,1140.81,1100.70
2016-02-11,1081.15,1140.75,1100.79
2016-02-12,1083.5,1138.49,1101.26
2016-02-15,1091.35,1136.05,1101.96
2016-02-16,1081,1133.50,1102.63
2016-02-17,1095.45,1131.32,1103.62
2016-02-18,1122.7,1131.37,1105.17
2016-02-19,1125.55,1130.82,1107.10
2016-02-22,1125.3,1130.29,1108.68
2016-02-23,1123.95,1129.61,1110.11
2016-02-24,1125.4,1128.96,1111.23
2016-02-25,1111.25,1127.96,1111.91
2016-02-26,1121.05,1125.77,1112.43
2016-02-29,1083.75,1121.39,1111.96
2016-03-01,1124.5,1118.87,1112.73
2016-03-02,1156.25,1118.78,1113.82
2016-03-03,1169.15,1118.24,1115.53
2016-03-04,1170.55,1118.02,1116.98
2016-03-08,1163.55,1118.74,1118.33
2016-03-09,1178.5,1122.20,1119.87
2016-03-10,1145.95,1123.99,1120.71
2016-03-11,1142.5,1127.06,1121.84
2016-03-14,1140.95,1129.93,1122.57
2016-03-15,1134.35,1132.08,1123.20
2016-03-16,1152,1135.63,1124.62
2016-03-17,1160.2,1138.87,1126.33
2016-03-18,1190.2,1142.24,1128.75
2016-03-21,1195,1145.72,1131.62
2016-03-22,1189.9,1148.95,1134.17
2016-03-23,1207.75,1153.14,1137.18
2016-03-28,1204.7,1157.10,1140.27
2016-03-29,1198.95,1161.49,1142.60
2016-03-30,1205.8,1165.73,1144.15
2016-03-31,1217.95,1172.44,1145.70
2016-04-01,1205.9,1176.51,1147.18
2016-04-04,1243.55,1180.87,1149.27
2016-04-05,1218.6,1183.34,1151.21
2016-04-06,1201.1,1184.87,1152.50
2016-04-07,1181.65,1185.78,1153.42
2016-04-08,1167.35,1185.22,1154.01
2016-04-11,1184.4,1187.14,1154.93
2016-04-12,1182.3,1189.13,1155.95
2016-04-13,1172.05,1190.68,1156.09
2016-04-18,1238.8,1195.91,1157.44
2016-04-20,1243.25,1200.47,1158.81
2016-04-21,1226.4,1203.78,1160.18
2016-04-22,1213.85,1204.96,1160.86
2016-04-25,1217.05,1206.06,1161.70
2016-04-26,1232.95,1208.22,1163.38
2016-04-27,1240,1209.83,1165.99
2016-04-28,1211.45,1210.17,1168.02
2016-04-29,1210.85,1210.76,1170.61
2016-05-02,1200.65,1210.50,1172.95
2016-05-03,1180.75,1208.64,1174.74
2016-05-04,1189.55,1207.83,1176.91
2016-05-05,1192.45,1205.27,1178.85
2016-05-06,1181.45,1203.42,1180.03
2016-05-09,1199.15,1203.32,1181.50
2016-05-10,1212.55,1204.86,1183.24
2016-05-11,1201.05,1206.55,1184.79
2016-05-12,1210.2,1207.84,1186.48
2016-05-13,1206.7,1209.06,1188.39
2016-05-16,1213.95,1211.15,1190.25
2016-05-17,1214.05,1209.92,1192.85
2016-05-18,1209.75,1208.24,1194.56
2016-05-19,1205.35,1207.19,1195.54
2016-05-20,1201.75,1206.58,1196.19
2016-05-23,1190.75,1205.27,1196.60
2016-05-24,1188.2,1203.03,1197.09
2016-05-25,1208.85,1201.47,1197.70
2016-05-26,1231.65,1202.48,1199.41
2016-05-27,1246.4,1204.26,1201.49
2016-05-30,1263.45,1207.40,1203.94
2016-05-31,1249.85,1210.86,1206.25
2016-06-01,1256.45,1214.20,1208.34
2016-06-02,1260.25,1217.59,1210.34
2016-06-03,1266.45,1221.84,1211.86
2016-06-06,1267.1,1225.24,1213.31
2016-06-07,1257.2,1227.47,1214.65
2016-06-08,1238.3,1229.33,1215.26
2016-06-09,1185.45,1228.10,1214.88
2016-06-10,1180.8,1226.80,1214.51
2016-06-13,1182.55,1225.23,1214.05
2016-06-14,1175.2,1223.29,1213.19
2016-06-15,1189.2,1222.26,1212.86
2016-06-16,1186.2,1221.30,1211.71
2016-06-17,1178.3,1220.13,1210.91
2016-06-20,1208.6,1221.02,1211.06
2016-06-21,1205.9,1221.91,1211.54
2016-06-22,1198.55,1221.39,1212.17
2016-06-23,1211.55,1220.39,1212.71
2016-06-24,1194.5,1217.79,1212.95
2016-06-27,1166.25,1212.93,1212.84
2016-06-28,1161.05,1208.49,1211.28
2016-06-29,1176.55,1204.50,1209.95
2016-06-30,1170.75,1200.02,1208.84
2016-07-01,1172.1,1195.30,1208.00
2016-07-04,1184.25,1191.16,1207.34
2016-07-05,1175.45,1187.07,1206.20
2016-07-07,1157.2,1183.02,1204.54
2016-07-08,1158.75,1181.68,1203.48
2016-07-11,1174.85,1181.39,1202.77
2016-07-12,1176,1181.06,1202.27
2016-07-13,1193.15,1181.96,1202.52
2016-07-14,1175.85,1181.29,1202.25
2016-07-15,1072.25,1175.59,1199.84
2016-07-18,1081.7,1170.76,1197.85
2016-07-19,1086.3,1164.65,1195.59
2016-07-20,1083.05,1158.51,1193.00
2016-07-21,1080.35,1152.59,1190.59
2016-07-22,1072.65,1145.65,1187.84
2016-07-25,1080.5,1139.95,1185.31
2016-07-26,1088.8,1136.08,1182.81
2016-07-27,1087.55,1132.40,1180.28
2016-07-28,1079.2,1127.54,1177.67
2016-07-29,1073.95,1122.70,1175.04
2016-08-01,1085,1118.34,1172.70
2016-08-02,1084.3,1113.34,1170.58
2016-08-03,1085,1108.82,1168.51
2016-08-04,1072.15,1104.57,1165.78
2016-08-05,1067.4,1100.00,1162.49
2016-08-08,1078.8,1095.20,1159.14
2016-08-09,1081.5,1090.47,1155.50
2016-08-10,1079.95,1084.81,1152.10
2016-08-11,1077.1,1079.87,1148.52
2016-08-12,1063.3,1079.43,1144.58
2016-08-16,1050.95,1077.89,1140.27
2016-08-17,1033.4,1075.24,1135.59
2016-08-18,1024.3,1072.31,1130.94
2016-08-19,1021.1,1069.34,1126.59
2016-08-22,1015.4,1066.48,1123.19
2016-08-23,1039.25,1064.42,1120.36
2016-08-24,1057.55,1062.86,1117.86
2016-08-25,1036.55,1060.31,1115.09
2016-08-26,1020.75,1057.38,1111.72
2016-08-29,1022.25,1054.80,1108.44
2016-08-30,1041,1052.60,1105.69
2016-08-31,1036.8,1050.22,1102.26
2016-09-01,1037.65,1047.86,1098.89
2016-09-02,1031.05,1045.80,1095.54
2016-09-06,1045.1,1044.69,1092.21
2016-09-07,1055,1043.50,1089.42
2016-09-08,1037.9,1041.32,1086.86
2016-09-09,1036,1039.12,1084.35
2016-09-12,1054,1037.96,1081.90
2016-09-14,1047.1,1037.16,1079.43
2016-09-15,1041.35,1036.67,1076.82
2016-09-16,1060.35,1038.02,1074.34
2016-09-19,1061.15,1039.86,1072.05
2016-09-20,1050.35,1041.33,1069.91
2016-09-21,1056.7,1043.39,1067.87
2016-09-22,1058.5,1044.36,1065.55
2016-09-23,1043,1043.63,1062.89
2016-09-26,1035.7,1043.58,1059.74
2016-09-27,1040.45,1044.57,1057.03
2016-09-28,1038.6,1045.39,1056.36
2016-09-29,1029.9,1044.83,1055.32
2016-09-30,1038.1,1044.90,1054.36
2016-10-03,1037.85,1044.91,1053.45
2016-10-04,1048.8,1045.80,1052.82
2016-10-05,1041.15,1045.60,1052.19
2016-10-06,1026.65,1044.18,1051.11
2016-10-07,1012.65,1042.92,1049.59
2016-10-10,1029.55,1042.60,1048.43
2016-10-13,1052.05,1042.50,1047.89
2016-10-14,1027.4,1041.51,1046.96
2016-10-17,1022.05,1040.55,1045.70
2016-10-18,1038.2,1039.44,1044.78
2016-10-19,1041.6,1038.46,1043.91
2016-10-20,1036.95,1037.79,1043.20
2016-10-21,1038.1,1036.86,1042.62
2016-10-24,1029,1035.39,1041.62
2016-10-25,1017.35,1034.10,1040.34
2016-10-26,1014.85,1033.06,1039.04
2016-10-27,1006.15,1031.35,1037.62
2016-10-28,997.45,1029.29,1036.30
2016-10-30,1002.5,1027.92,1035.33
2016-11-01,988.85,1025.46,1034.44
2016-11-02,981.1,1022.62,1033.58
2016-11-03,966.9,1018.52,1032.49
2016-11-04,970.8,1015.01,1031.60
2016-11-07,978.75,1012.61,1030.39
2016-11-08,982.8,1011.12,1028.90
2016-11-09,955.85,1007.43,1027.28
2016-11-10,938.6,1001.76,1025.64
2016-11-11,921.85,996.48,1023.63
2016-11-15,924.75,991.62,1021.31
2016-11-16,940.1,986.71,1019.37
2016-11-17,929.55,981.11,1017.21
2016-11-18,919.8,975.25,1014.98
2016-11-21,911.15,968.91,1012.31
2016-11-22,913.95,963.16,1009.48
2016-11-23,920.5,958.31,1007.14
2016-11-24,932.7,954.20,1005.07
2016-11-25,977.3,952.76,1003.54
2016-11-28,979.65,951.87,1002.19
2016-11-29,972.65,950.38,1000.81
2016-11-30,975.45,949.71,999.12
2016-12-01,976.05,949.46,997.41
2016-12-02,964.1,949.32,995.69
2016-12-05,961.4,948.85,993.78
2016-12-06,966.95,948.26,991.95
2016-12-07,966.6,947.45,990.42
2016-12-08,984.75,948.89,989.40
2016-12-09,987.35,951.33,988.34
2016-12-12,977.5,954.11,987.12
2016-12-13,990.05,957.38,986.32
2016-12-14,999.05,960.32,985.54
2016-12-15,993.25,963.51,984.65
2016-12-16,1004.2,967.73,983.76
2016-12-19,1002.2,972.28,982.98
2016-12-20,1010.4,977.11,982.65
2016-12-21,1003.7,981.27,982.48
2016-12-22,985.2,983.89,981.59
2016-12-23,989.3,984.49,980.33
2016-12-26,983,984.66,979.45
2016-12-27,999.25,985.99,978.99
2016-12-28,999.15,987.17,978.21
2016-12-29,994.1,988.08,977.26
2016-12-30,1010.7,990.41,976.73
2017-01-02,1001.6,992.42,976.00
2017-01-03,994.65,993.80,975.32
2017-01-04,998.3,995.38,974.94
2017-01-05,996.4,995.97,974.57
2017-01-06,971.45,995.17,973.87
2017-01-09,970.55,994.82,973.34
2017-01-10,970.6,993.85,972.70
2017-01-11,969,992.35,972.30
2017-01-12,1000.05,992.69,972.68
2017-01-13,975.15,991.24,972.84
2017-01-16,955.7,988.91,972.54
2017-01-17,956.05,986.20,972.09
2017-01-18,950.9,983.56,971.45
2017-01-19,958.55,982.22,971.50
2017-01-20,948.8,980.20,971.71
2017-01-23,951.75,978.63,972.31
2017-01-24,945.1,975.93,972.71
2017-01-25,936.65,972.80,972.64
2017-01-27,942.15,970.20,972.90
2017-01-30,948.35,967.09,973.47
2017-01-31,929.3,963.47,973.83
2017-02-01,916.55,959.57,973.88
2017-02-02,935.35,956.42,974.18
2017-02-03,934.95,953.35,974.22
2017-02-06,934.45,951.50,973.37
2017-02-07,944.75,950.21,972.67
2017-02-08,936.45,948.50,971.95
2017-02-09,948.1,947.46,971.40
2017-02-10,968.05,945.85,971.24
2017-02-13,983.5,946.27,971.63
2017-02-14,987.3,947.85,972.14
2017-02-15,982.35,949.17,972.45
2017-02-16,1011.9,952.22,973.36
2017-02-17,999.7,954.28,973.66
2017-02-20,1011.7,957.42,974.14
2017-02-21,1012.95,960.48,974.85
2017-02-22,991.85,962.82,974.89
2017-02-23,1009.05,966.44,975.09
2017-02-27,1012.75,969.97,975.48
2017-02-28,1012.3,973.16,975.64
2017-03-01,1025,977.95,976.10
2017-03-02,1020.65,983.16,976.30
2017-03-03,1031.15,987.95,976.85
2017-03-06,1033.85,992.89,977.82
2017-03-07,1019.7,997.15,978.43
2017-03-08,1007.25,1000.28,978.92
2017-03-09,1011.6,1004.03,979.16
2017-03-10,1020.1,1007.63,979.58
2017-03-14,1035,1010.98,980.40
2017-03-15,1012.1,1012.41,980.43
2017-03-16,1028.5,1014.47,980.97
2017-03-17,1040,1017.35,981.87
2017-03-20,1020.6,1017.79,982.32
2017-03-21,1032,1019.40,983.03
2017-03-22,1027.8,1020.21,984.16
2017-03-23,1040.6,1021.59,985.56
2017-03-24,1031.8,1023.59,986.78
2017-03-27,1028.8,1024.58,987.98
2017-03-28,1035.1,1025.70,988.68
2017-03-29,1031.35,1026.65,989.80
2017-03-30,1024.5,1026.62,991.18
2017-03-31,1020.8,1026.63,992.48
2017-04-03,1009.45,1025.54,993.65
2017-04-05,995.4,1023.62,994.38
2017-04-06,999.15,1022.60,995.39
2017-04-07,981.25,1021.30,995.98
2017-04-10,952.95,1018.36,996.14
2017-04-11,967.15,1015.72,996.75
2017-04-12,968.8,1012.40,997.28
2017-04-13,931.4,1008.37,996.94
2017-04-17,924.8,1003.18,996.85
2017-04-18,922.4,997.30,996.97
2017-04-19,918.8,992.21,996.64
2017-04-20,927.65,987.00,996.49
2017-04-21,923.7,981.79,996.28
2017-04-24,926.05,976.06,995.90
2017-04-25,929,970.92,995.75
2017-04-26,914.05,965.19,995.07
2017-04-27,923.95,959.63,994.19
2017-04-28,919.4,954.03,992.91
2017-05-02,921,948.86,991.58
2017-05-03,935.65,944.60,990.65
2017-05-04,936.3,940.94,989.14
2017-05-05,931.5,937.75,987.77
2017-05-08,945.45,935.06,986.45
2017-05-09,946.7,933.33,985.12
2017-05-10,943.2,932.85,984.15
2017-05-11,943.85,931.68,982.85
2017-05-12,963.9,931.44,981.87
2017-05-15,951.95,932.47,980.66
2017-05-16,956.5,934.05,979.29
2017-05-17,952.2,935.54,977.92
2017-05-18,961.7,937.69,976.53
2017-05-19,957.9,939.20,975.01
2017-05-22,959.75,941.00,973.82
2017-05-23,957.4,942.57,972.82
2017-05-24,953.55,943.80,971.66
2017-05-25,981.9,947.19,970.89
2017-05-26,996.2,950.80,970.12
2017-05-29,985.3,954.10,969.58
2017-05-30,996.45,957.87,968.94
2017-05-31,976.95,959.93,967.68
2017-06-01,970.95,961.66,966.69
2017-06-02,969.45,963.56,965.44
2017-06-05,960.2,964.30,964.08
2017-06-06,979.45,965.94,962.86
2017-06-07,961.5,966.85,961.45
2017-06-08,956.3,967.48,960.00
2017-06-09,948.65,966.71,958.28
2017-06-12,963.8,967.31,956.92
2017-06-13,958.2,967.39,955.60
2017-06-14,958.65,967.71,954.36
2017-06-15,952.3,967.24,953.21
2017-06-16,940.5,966.37,952.12
2017-06-19,929.45,964.86,950.72
2017-06-20,943.8,964.18,949.97
2017-06-21,943.95,963.70,949.79
2017-06-22,940.3,961.62,949.26
2017-06-23,943.35,958.97,948.75
2017-06-27,926.35,956.03,948.65
2017-06-28,924.4,952.42,948.64
2017-06-29,929.5,950.05,948.78
2017-06-30,935.65,948.29,949.12
2017-07-03,951.4,947.39,949.59
2017-07-04,960.5,947.40,950.33
2017-07-05,951.05,945.98,950.83
2017-07-06,947.5,945.28,951.20
2017-07-07,936,944.26,951.64
2017-07-10,959.05,944.78,952.34
2017-07-11,975.8,945.38,953.47
2017-07-12,973.8,946.16,954.52
2017-07-13,976.3,947.05,955.34
2017-07-14,972.05,948.03,956.05
2017-07-17,985.35,950.28,957.13
2017-07-18,985.4,953.07,957.93
2017-07-19,979.9,954.88,958.59
2017-07-20,969,956.13,959.11
2017-07-21,979.9,958.11,959.83
2017-07-24,991.2,960.50,960.37
2017-07-25,994.15,963.90,961.22
2017-07-26,993.75,967.36,961.96
2017-07-27,972.3,969.50,962.36
2017-07-28,997.85,972.61,963.09
2017-07-31,1011.3,975.61,964.16
2017-08-01,1005,977.83,965.06
2017-08-02,992.45,979.90,965.76
2017-08-03,983.6,981.71,966.36
2017-08-04,985.35,984.17,966.43
2017-08-07,968.15,984.63,965.87
2017-08-08,964.6,984.07,965.46
2017-08-09,969.45,983.85,964.92
2017-08-10,982.5,984.16,965.03
2017-08-11,987.75,984.95,965.36
2017-08-14,979.45,984.65,965.56
2017-08-16,976.8,984.22,965.89
2017-08-17,1021.15,986.29,966.73
2017-08-18,923.1,983.99,965.96
2017-08-21,873.5,978.67,964.30
2017-08-22,877.15,972.97,962.87
2017-08-23,894.5,967.98,961.49
2017-08-24,912.5,963.92,960.57
2017-08-28,941.15,962.37,960.22
2017-08-29,927.55,958.85,959.73
2017-08-30,926.65,954.62,959.45
2017-08-31,915.3,950.13,959.17
2017-09-01,920.1,946.51,958.70
2017-09-04,901.3,942.40,957.84
2017-09-05,901.1,938.19,957.06
2017-09-06,895.7,934.56,956.11
2017-09-07,895.55,931.11,955.49
2017-09-08,884.4,926.86,954.69
2017-09-11,878.55,921.66,953.67
2017-09-12,883.85,916.47,952.64
2017-09-13,883.55,911.67,951.28
2017-09-14,892.3,907.45,949.91
2017-09-15,908.6,901.82,949.07
2017-09-18,908.45,901.09,948.28
2017-09-19,911.3,902.98,947.79
2017-09-20,912,904.72,946.85
2017-09-21,909.55,905.47,945.52
2017-09-22,898.05,904.75,944.01
2017-09-25,896.65,902.52,942.42
2017-09-26,906.45,901.47,941.10
2017-09-27,898.65,900.07,939.37
2017-09-28,895.7,899.09,937.58
2017-09-29,898.75,898.02,935.95
2017-10-03,903.95,898.16,934.65
2017-10-04,899.8,898.09,933.05
2017-10-05,903.1,898.46,931.29
2017-10-06,919.45,899.66,929.79
2017-10-09,923.65,901.62,928.39
2017-10-10,935.6,904.47,927.66
2017-10-11,930.6,906.81,926.31
2017-10-12,927.15,908.99,924.63
2017-10-13,931.9,910.97,923.17
2017-10-16,939.3,912.50,922.10
2017-10-17,931.45,913.65,921.06
2017-10-18,924.45,914.31,919.84
2017-10-19,927.1,915.06,919.02
2017-10-23,939.65,916.57,918.52
2017-10-24,926.75,918.01,917.67
2017-10-25,935.4,919.94,916.73
2017-10-26,947.5,922.00,915.92
2017-10-27,947.45,924.44,915.28
2017-10-30,944.65,926.88,914.64
2017-10-31,921.65,928.03,912.65
2017-11-01,926.25,929.14,912.71
2017-11-02,922.9,930.30,913.70
2017-11-03,926.65,931.48,914.69
2017-11-06,928.6,931.93,915.37
2017-11-07,955.7,933.54,916.24
2017-11-08,951.95,934.35,916.45
2017-11-09,954.6,935.55,916.99
2017-11-10,960.6,937.22,917.67
2017-11-13,951.8,938.22,918.40
2017-11-14,949.45,938.73,918.99
2017-11-15,951.95,939.75,920.00
2017-11-16,988.6,942.96,921.75
2017-11-17,970.95,945.15,923.26
2017-11-20,961.35,946.24,924.57
2017-11-21,966.4,948.22,926.21
2017-11-22,966.3,949.77,927.97
2017-11-23,991.4,951.96,930.12
2017-11-24,1009.95,955.09,932.65
2017-11-27,997.5,957.73,934.75
2017-11-28,984.5,960.87,936.27
2017-11-29,983.3,963.72,937.77
2017-11-30,974.95,966.32,939.04
2017-12-01,958.5,967.92,939.97
2017-12-04,985.3,970.75,941.48
2017-12-05,984.4,972.19,943.21
2017-12-06,990.4,974.11,945.09
2017-12-07,1000.1,976.38,946.96
2017-12-08,1001.55,978.43,949.02
2017-12-11,1003.5,981.02,951.17
2017-12-12,1011.1,984.10,953.42
2017-12-13,1003.45,986.68,955.41
2017-12-14,1012.45,987.87,957.66
2017-12-15,1023.45,990.49,960.07
2017-12-18,1015.35,993.19,961.99
2017-12-19,1004.8,995.11,963.61
2017-12-20,1013.3,997.46,965.17
2017-12-21,1021.55,998.97,966.98
2017-12-22,1038.4,1000.39,969.21
2017-12-26,1034.35,1002.24,971.26
2017-12-27,1034.05,1004.71,973.15
2017-12-28,1034,1007.25,975.21
2017-12-29,1039.3,1010.46,977.50
2018-01-01,1034.55,1014.27,979.65
2018-01-02,1029.5,1016.48,981.45
2018-01-03,1019.1,1018.21,983.30
2018-01-04,1015.3,1019.46,984.89
2018-01-05,1012.1,1020.06,986.19
2018-01-08,1035.65,1021.76,987.95
2018-01-09,1041.3,1023.65,989.88
2018-01-10,1051.6,1025.68,992.48
2018-01-11,1075.6,1029.28,995.47
2018-01-12,1078.4,1032.58,998.58
2018-01-15,1080.4,1035.43,1001.65
2018-01-16,1122.9,1040.81,1005.54
2018-01-17,1152.25,1048.18,1009.47
2018-01-18,1152.75,1055.15,1013.49
2018-01-19,1143.25,1061.24,1017.26
2018-01-22,1150.3,1066.83,1021.05
2018-01-23,1175.2,1073.88,1025.52
2018-01-24,1185.15,1081.43,1030.23
2018-01-25,1170.8,1088.27,1034.61
2018-01-29,1181.5,1095.38,1038.47
2018-01-30,1169.7,1102.14,1042.44
2018-01-31,1150.65,1108.20,1046.23
2018-02-01,1144.5,1114.47,1049.79
2018-02-02,1141.7,1120.79,1053.30
2018-02-05,1138.3,1127.09,1056.24
2018-02-06,1108.45,1130.74,1058.21
2018-02-07,1108.75,1134.11,1060.43
2018-02-08,1134.55,1138.25,1063.44
2018-02-09,1111.8,1140.06,1066.01
2018-02-12,1103.8,1141.34,1068.58
2018-02-14,1098.05,1142.22,1071.37
2018-02-15,1114.15,1141.78,1073.95
2018-02-16,1124.85,1140.41,1076.76
2018-02-19,1130,1139.27,1079.55
2018-02-20,1134.7,1138.84,1082.24
2018-02-21,1148.7,1138.76,1085.19
2018-02-22,1160.5,1138.03,1088.33
2018-02-23,1155.65,1136.55,1091.22
2018-02-26,1141.05,1135.07,1093.97
2018-02-27,1148.3,1133.41,1096.69
2018-02-28,1174.25,1133.64,1099.70
2018-03-01,1160.25,1134.12,1102.60
2018-03-05,1153.1,1134.54,1105.57
2018-03-06,1146.85,1134.80,1108.24
2018-03-07,1142.8,1135.03,1110.66
2018-03-08,1156.7,1137.44,1113.03
2018-03-09,1163.4,1140.17,1115.61
2018-03-12,1185.85,1142.74,1118.65
2018-03-13,1180.55,1146.17,1121.58
2018-03-14,1180.2,1149.99,1124.39
2018-03-15,1182.15,1154.20,1127.35
2018-03-16,1172.5,1157.12,1130.21
2018-03-19,1147.15,1158.23,1132.77
2018-03-20,1162.1,1159.84,1135.70
2018-03-21,1168.6,1161.53,1138.83
2018-03-22,1158.8,1162.04,1141.30
2018-03-23,1167.45,1162.38,1143.82
2018-03-26,1154.3,1162.32,1145.87
2018-03-27,1152.8,1162.90,1147.42
2018-03-28,1134.4,1162.21,1148.54
2018-04-02,1137.5,1160.37,1149.68
2018-04-03,1140.05,1159.36,1150.02
2018-04-04,1124.55,1157.94,1149.47
2018-04-05,1145,1157.84,1149.31
2018-04-06,1129.3,1157.17,1149.03
2018-04-09,1110.95,1154.88,1148.25
2018-04-10,1114.15,1152.42,1147.03
2018-04-11,1123.9,1149.32,1145.80
2018-04-12,1162.25,1148.40,1145.63
2018-04-13,1169,1147.84,1145.38
2018-04-16,1132.8,1145.38,1144.64
2018-04-17,1125,1143.00,1144.13
2018-04-18,1125.45,1141.92,1143.75
2018-04-19,1132.7,1140.45,1143.57
2018-04-20,1178.25,1140.93,1144.37
2018-04-23,1183.35,1142.16,1145.87
2018-04-24,1153.9,1141.48,1146.77
2018-04-25,1160.9,1141.81,1147.30
2018-04-26,1175.65,1142.95,1148.57
2018-04-27,1185.15,1145.49,1150.20
2018-04-30,1199.4,1148.59,1152.23
2018-05-02,1197.8,1151.47,1153.90
2018-05-03,1181.85,1154.34,1155.04
2018-05-04,1172.9,1155.73,1155.90
2018-05-07,1183.35,1158.44,1156.87
2018-05-08,1165.35,1161.15,1157.20
2018-05-09,1171.25,1164.01,1157.42
2018-05-10,1167.55,1166.19,1157.66
2018-05-11,1181,1167.13,1158.46
2018-05-14,1189.6,1168.16,1159.28
2018-05-15,1192.55,1171.15,1159.65
2018-05-16,1190.05,1174.40,1160.24
2018-05-17,1184.95,1177.37,1160.88
2018-05-18,1183.75,1179.93,1161.62
2018-05-21,1182.6,1180.14,1162.41
2018-05-22,1193.55,1180.65,1163.15
2018-05-23,1185.25,1182.22,1163.59
2018-05-24,1221.85,1185.27,1164.31
2018-05-25,1228.8,1187.93,1165.27
2018-05-28,1214.5,1189.39,1165.96
2018-05-29,1216.65,1190.26,1166.65
2018-05-30,1214.1,1191.07,1167.48
2018-05-31,1231.9,1193.57,1169.18
2018-06-01,1220.25,1195.94,1170.34
2018-06-04,1239.6,1198.76,1171.76
2018-06-05,1221.2,1201.55,1173.01
2018-06-06,1235.6,1204.76,1174.37
2018-06-07,1250.8,1208.93,1176.30
2018-06-08,1259.75,1212.86,1178.44
2018-06-11,1263.05,1216.54,1181.01
2018-06-12,1258.4,1219.83,1183.43
2018-06-13,1276.1,1224.13,1186.15
2018-06-14,1238.7,1226.82,1188.43
2018-06-15,1280.45,1231.66,1191.14
2018-06-18,1266.5,1235.85,1193.89
2018-06-19,1244.05,1238.38,1196.55
2018-06-20,1243.35,1241.28,1199.13
2018-06-21,1246.35,1242.50,1201.58
2018-06-22,1246.45,1243.39,1203.27
2018-06-25,1272.3,1246.28,1205.33
2018-06-26,1277.85,1249.34,1208.23
2018-06-27,1269.2,1252.09,1211.12
2018-06-28,1288.85,1254.94,1214.38
2018-06-29,1306.75,1259.26,1217.87
2018-07-02,1334.45,1264.01,1220.99
2018-07-03,1353.65,1270.63,1224.40
2018-07-04,1344.6,1276.08,1228.21
2018-07-05,1284.5,1277.76,1230.68
2018-07-06,1284.5,1279.00,1232.86
2018-07-09,1299.15,1280.81,1235.14
2018-07-10,1302.5,1283.01,1237.20
2018-07-11,1320.35,1285.22,1239.65
2018-07-12,1294.6,1288.02,1241.91
2018-07-13,1309.1,1289.45,1244.63
2018-07-16,1333.05,1292.78,1247.62
2018-07-17,1327.4,1296.95,1250.87
2018-07-18,1322.4,1300.90,1253.89
2018-07-19,1316.55,1304.41,1256.87
2018-07-20,1348.35,1309.50,1260.22
2018-07-23,1355.75,1313.68,1263.54
2018-07-24,1376,1318.58,1267.21
2018-07-25,1383.7,1324.31,1271.08
2018-07-26,1375.2,1328.63,1274.89
2018-07-27,1374.55,1332.02,1278.70
2018-07-30,1353.15,1332.95,1282.11
2018-07-31,1365,1333.52,1285.54
