Date,Bajaj,TCS,TVS,Infosys,Eicher,Hero
2015-01-01,2454.1,2548.2,276.85,1975.8,15239.15,3107.3
2015-01-02,2453.5,2570.85,267.8,2013.45,15065.55,3097.75
2015-01-05,2460.15,2537.9,271.2,1996.6,15133.55,3118.65
2015-01-06,2440.35,2446.55,268,1956.85,14753.1,3011.8
2015-01-07,2447.2,2416.8,278.55,1964.8,14945.55,2977.1
2015-01-08,2450.05,2443.85,295.8,1974.55,14877.8,2984.45
2015-01-09,2381.5,2512.2,296.7,2073.6,14727.1,2993.15
2015-01-12,2333.25,2512.05,300.65,2114.75,14871.85,2936.2
2015-01-13,2326.25,2498.3,308.45,2087.25,14800.7,2893.7
2015-01-14,2363.65,2518.15,307.5,2128.8,14831.2,2905.2
2015-01-15,2417.95,2545,315.2,2133.95,15122.6,2950.25
2015-01-16,2420.05,2531.9,319.4,2114.15,15330.5,2896.85
2015-01-19,2411.3,2509.75,308.85,2102.4,15466.1,2841.75
2015-01-20,2411.05,2499.55,309.05,2122.35,15468.85,2827.7
2015-01-21,2442,2511.35,300.85,2165.1,15360.75,2876.5
2015-01-22,2438.9,2512.75,300.65,2195.7,15286.35,2838.15
2015-01-23,2442.2,2501.7,306.15,2214.05,15186.1,2859.65
2015-01-27,2417.55,2502.8,308.15,2136,16086.3,2856.7
2015-01-28,2396.9,2534.7,312,2145.1,16340.6,2865.45
2015-01-29,2402.7,2541.35,310.15,2142.9,16455.9,2875.4
2015-01-30,2389.35,2481,308.15,2142.75,16303.5,2869.55
2015-02-02,2347.8,2512.8,286.25,2134.35,16589.6,2834.4
2015-02-03,2260.1,2554.8,285.6,2120.35,16320.1,2812.35
2015-02-04,2247.55,2514,294.3,2142.05,15927.65,2829.9
2015-02-05,2243.05,2551.9,293.1,2193.6,15813.75,2847.05
2015-02-06,2228.25,2576,292.9,2229.35,15584.55,2779.5
2015-02-09,2267.55,2515.15,294.45,2250.2,15113.9,2728.5
2015-02-10,2266.5,2442.95,294.85,2280.3,15188.45,2720.65
2015-02-11,2291.95,2460.15,301.2,2287.2,16134.6,2752.45
2015-02-12,2260.65,2462.8,304.95,2315.45,16407.15,2805.35
2015-02-13,2261.75,2538.65,307.45,2296.4,16242,2852.5
2015-02-16,2261.7,2585.25,302.4,2278.5,16109.45,2806.25
2015-02-18,2240.65,2633.9,301.25,2295.75,16938,2663.45
2015-02-19,2223.4,2679.7,294.85,2326.6,16678.4,2667.2
2015-02-20,2209.3,2674.85,295.3,2284.3,16373,2659.85
2015-02-23,2184.75,2695.05,289.4,2270.7,16004.9,2646.8
2015-02-24,2191.95,2707.15,269.8,2278.15,15813.3,2651.2
2015-02-25,2180.8,2671.3,271.05,2318.05,15612.65,2625.55
2015-02-26,2134.95,2656.35,270.5,2259.5,15213.8,2625.65
2015-02-27,2150.45,2663.75,281.7,2266.35,15808.05,2670.35
2015-02-28,2161.8,2675.3,277.95,2294.85,16226.6,2682.65
2015-03-02,2074.75,2670.15,271.95,2291.45,16515.85,2624.75
2015-03-03,2116.15,2774.7,293.2,2297.35,15891.3,2636.95
2015-03-04,2122.1,2743.4,288.8,2272.6,16050.15,2621.4
2015-03-05,2120.35,2696.35,291.85,2251.7,15996,2608.1
2015-03-09,2113.1,2643.15,286.55,2190.55,15692.35,2599.65
2015-03-10,2128.95,2642.8,294.9,2200.1,15963.7,2620.55
2015-03-11,2099,2609.35,285.4,2183.6,16045.85,2617
2015-03-12,2077.85,2619,289.75,2217.8,16316.4,2642.65
2015-03-13,2022.9,2581.05,277.65,2216.45,15879.3,2609.5
2015-03-16,2030.25,2565.35,274.15,2267,15803.25,2629.65
2015-03-17,2045.65,2580.9,283.25,2241.95,15935.7,2652.45
2015-03-18,2034.55,2560.7,278.75,2230.2,16043.45,2674.05
2015-03-19,2024.4,2594.4,273,2229.9,16079.95,2665.05
2015-03-20,2021.35,2609.65,268.4,2258.95,16002,2614.8
2015-03-23,2032.75,2610.55,266.2,2232.4,15843.2,2638
2015-03-24,2027.9,2593.55,259.7,2212.1,15513.65,2607.8
2015-03-25,2017.85,2573.1,259.1,2217.7,15551.25,2595.6
2015-03-26,2001.75,2513.35,266.05,2144.45,15584.75,2608.05
2015-03-27,2017.15,2516.2,271.55,2201.95,15471.95,2576.75
2015-03-30,2023.75,2557.25,266.25,2229.8,16019.7,2636.55
2015-03-31,2017.35,2547.05,263.75,2216.6,15890.2,2642.6
2015-04-01,2018.65,2543.4,255.15,2172.25,16028.4,2655.6
2015-04-06,2031.35,2546,252.2,2177.2,15763.7,2671.8
2015-04-07,2093,2586.1,255.4,2161.25,15950.4,2640
2015-04-08,2104.75,2644.35,251.15,2200.8,16501,2605.1
2015-04-09,2097.25,2661.15,250.7,2211.4,16338.65,2610
2015-04-10,2100.6,2651.95,256.75,2233.3,16206.35,2584.25
2015-04-13,2100.45,2650.25,255.15,2239,16054.1,2580.65
2015-04-15,2077.8,2624.7,251.4,2213.2,15861.8,2523.85
2015-04-16,2086.7,2585.2,244.65,2191.1,15837.45,2428.85
2015-04-17,2065.7,2476.2,244.6,2181.95,15327.25,2410.15
2015-04-20,2018.5,2430.65,233.75,2133.25,14762.5,2314.7
2015-04-21,1992.95,2426.85,237.6,2144.4,14320.6,2329.45
2015-04-22,1988.5,2447.9,237.95,2138.45,14377.3,2408.6
2015-04-23,1991.4,2456.85,232.9,2122.55,14774.35,2372.55
2015-04-24,1996.85,2496.9,232.1,1996.25,14710.8,2352.55
2015-04-27,1990.55,2500.3,228.25,1986,14784.95,2324.05
2015-04-28,1990.55,2494.55,227.55,1961.35,15165.15,2356.35
2015-04-29,1978.1,2485.65,237.35,1961.6,15228.4,2372.85
2015-04-30,1949.4,2466.65,235.6,1942.4,15217.85,2329.45
2015-05-04,2093.7,2479.1,249.35,1994.3,15337.55,2386
2015-05-05,2063.35,2519.25,240.4,1966.75,15552.05,2357.7
2015-05-06,2020.25,2462.85,226,1922.5,15064.7,2325.95
2015-05-07,2067,2543.3,216.15,1942.8,14796.2,2354.1
2015-05-08,2129.35,2530.7,220.85,1958,15789,2301.55
2015-05-11,2182.1,2555.8,227.2,1992,16865.3,2384.2
2015-05-12,2128.95,2521.2,222.45,1949.6,17121,2459.9
2015-05-13,2125.2,2519.95,219.8,1955.95,18062.7,2502.1
2015-05-14,2165,2499.95,224.15,1934.55,18190.25,2529.95
2015-05-15,2181.85,2509.65,221.4,1959.75,18707,2528.4
2015-05-18,2221.95,2519.35,224.15,1991.75,18618.15,2520.6
2015-05-19,2199.25,2511.95,222,2018.15,18275.85,2575.1
2015-05-20,2150.5,2557.55,220.2,2044.7,18510.45,2579.25
2015-05-21,2299.75,2557.65,229.95,2043.35,18428.3,2602.5
2015-05-22,2310.5,2619.55,227.35,2041.8,18669.8,2600.9
2015-05-25,2301.85,2601.4,230.15,2018,19173,2586.85
2015-05-26,2315.5,2606.35,234.8,2009.3,18945.2,2616.05
2015-05-27,2306.4,2616.55,235.95,1969.05,18353.85,2605.05
2015-05-28,2302.65,2609.95,236.1,2014.3,17972.6,2641.95
2015-05-29,2315,2610.6,237.95,2022.4,18713.8,2696
2015-06-01,2336.3,2616.4,236,2045.7,18785.25,2709.7
2015-06-02,2269.1,2600.45,225.9,2008.8,18138.5,2607.85
2015-06-03,2240.8,2610.75,221.4,2023.1,18209.75,2578.05
2015-06-04,2216.2,2606.2,226.55,2028.05,17182.35,2548.4
2015-06-05,2199.35,2572.35,223.5,2012.1,17390.05,2576.85
2015-06-08,2221.3,2578.65,219.1,2000.25,17283.6,2519.2
2015-06-09,2185.85,2558.1,218.8,1992.55,17099.3,2501.65
2015-06-10,2253.1,2602.05,224,2026.2,17612.45,2516.25
2015-06-11,2207.55,2571,226.5,2001.85,17234.35,2503.65
2015-06-12,2285.55,2512.05,225.1,1976.65,17399.45,2506.8
2015-06-15,2334.3,2511.8,228.15,991.1,18043.7,2509.25
2015-06-16,2391.35,2511.05,228.45,999.45,18462.8,2543.9
2015-06-17,2368.05,2514.95,231.8,995.8,19297.45,2525.6
2015-06-18,2397.35,2528.55,231.9,1000.9,19482.2,2523.9
2015-06-19,2405.6,2551.1,239.85,996.75,19471.15,2551.7
2015-06-22,2425.4,2595.7,244.9,1024.4,19397.3,2580.6
2015-06-23,2412.45,2577.7,242.85,1001.15,19275.75,2523.2
2015-06-24,2395,2568.4,240.35,995.1,19113.6,2521.15
2015-06-25,2506.25,2551.75,238.9,991.15,19505.25,2552.05
2015-06-26,2540.15,2594.05,245.1,1006.1,19526.65,2547
2015-06-29,2550.6,2593.55,241.6,990.25,19301.65,2538.45
2015-06-30,2535.65,2552.2,243.75,985.35,19578.15,2524.3
2015-07-01,2523.6,2591.8,245.55,997.7,20338.1,2518.8
2015-07-02,2565.8,2580.85,257.25,988.15,21238.65,2532.85
2015-07-03,2586.15,2604.8,257.5,989.95,20253.8,2577.8
2015-07-06,2595.35,2632.8,264.4,983.5,20359.5,2612.4
2015-07-07,2606.25,2619.05,270.15,982.05,20367.15,2562.5
2015-07-08,2573.9,2594.05,265,957.2,20476.7,2552.95
2015-07-09,2513.95,2521.4,259.25,937.7,20650,2605.4
2015-07-10,2470.9,2471.9,256.95,937,20765.8,2572.5
2015-07-13,2497.45,2508.6,270.65,950.05,21171.05,2600.65
2015-07-14,2499.05,2499.5,266.3,970.1,20761.7,2640.2
2015-07-15,2532.45,2546.25,268.25,982.65,20734.35,2660.1
2015-07-16,2544.25,2538.15,266.55,987.8,21071.3,2650
2015-07-17,2527.25,2559.35,263.35,1002,21084.2,2649.8
2015-07-20,2519.55,2579.55,263.8,1001.9,21269.45,2660.75
2015-07-21,2544.6,2562.85,257.95,1112.65,21336.55,2685.85
2015-07-22,2619.1,2528.1,264,1102.6,21164,2707.7
2015-07-23,2487.75,2487.95,263.35,1098.85,20528.85,2714.3
2015-07-24,2497.45,2503.75,251.45,1089.35,20097.1,2738.2
2015-07-27,2507.7,2496.9,241.55,1065,19343.75,2605.65
2015-07-28,2476.05,2501.5,232.55,1063.5,19481.9,2531.55
2015-07-29,2495.15,2508.1,235,1085.2,19265.65,2566.25
2015-07-30,2523.8,2480.95,235.95,1069.1,19057.65,2587.6
2015-07-31,2519.15,2510,237.95,1078.05,19070.05,2674.45
2015-08-03,2504.4,2507.95,230.1,1079.05,19105.2,2697.85
2015-08-04,2510.55,2509.3,233.35,1059.8,20158.35,2624.25
2015-08-05,2569.7,2541.65,234.65,1086.55,20548,2660.4
2015-08-06,2575.45,2574.3,236.85,1089.45,20544.1,2652.65
2015-08-07,2537.85,2551.7,239.15,1095.6,20615.85,2660.5
2015-08-10,2556.3,2570.8,234.15,1081.95,20417.15,2704.85
2015-08-11,2541.75,2603.05,223.55,1104.35,20165,2678.7
2015-08-12,2462.1,2671.4,223.45,1141.75,19871.85,2635.35
2015-08-13,2489.05,2637.4,225.55,1156.85,19895.25,2643.85
2015-08-14,2558.8,2693.65,230,1149,20601.4,2714
2015-08-17,2529.95,2684.75,229.8,1141.85,20671.2,2653.5
2015-08-18,2522,2734.6,230.25,1163.8,20950.6,2641.85
2015-08-19,2541.25,2731.4,229,1175.05,21243.25,2690
2015-08-20,2492.1,2691.2,231.8,1138.2,21042.4,2633.9
2015-08-21,2407.35,2675.1,228.75,1150.6,20482.05,2559.9
2015-08-24,2188.45,2579.2,213.55,1092.65,18571.75,2478.95
2015-08-25,2204.65,2567.35,223.8,1086.5,18844.35,2477.5
2015-08-26,2244.15,2576.75,227.45,1065.35,18581.65,2391.95
2015-08-27,2189.3,2577.6,226.7,1084.1,18814.35,2380.7
2015-08-28,2269.2,2570.65,220.4,1110.7,18903.1,2400.95
2015-08-31,2254.9,2565.25,223.45,1095.2,18993.35,2397.35
2015-09-01,2251.75,2538.8,216.75,1089.65,18258.9,2385.3
2015-09-02,2207.35,2593.2,220.25,1100.3,18342.9,2343.25
2015-09-03,2246.85,2605.25,221.05,1100.65,18365.15,2329.95
2015-09-04,2207.85,2549.45,223,1073.8,18146.65,2292.55
2015-09-07,2192.75,2539.5,218.05,1059.6,17449.95,2279.8
2015-09-08,2209.8,2542.1,220.45,1059.3,17257.55,2317.3
2015-09-09,2269.05,2550.65,225.9,1088.5,17939.5,2347.75
2015-09-10,2302.45,2542.35,228.2,1080.35,18472.35,2343.95
2015-09-11,2318.5,2545.5,232.6,1090.7,18892.2,2342.05
2015-09-14,2310.5,2550.75,231.95,1097.75,18813.1,2348.6
2015-09-15,2295.2,2543.15,231,1098.4,18557.6,2310.6
2015-09-16,2345.65,2551.15,232.55,1101.5,17968.35,2363
2015-09-18,2294.15,2554.15,235.65,1104.75,18215.9,2428.55
2015-09-21,2303.05,2550.7,233.6,1104.65,18459.55,2424.8
2015-09-22,2258.15,2526.35,229.85,1105.5,18337.9,2386.1
2015-09-23,2240.25,2534.05,230.05,1116.65,18250.35,2401.3
2015-09-24,2283.1,2575.6,235.8,1141.4,17761.8,2380.65
2015-09-28,2275.9,2590.35,231.65,1108.2,17298.6,2350.75
2015-09-29,2251.75,2590.2,230.3,1121.1,17468.6,2331.7
2015-09-30,2309.75,2587.7,230.2,1160.45,17791.2,2395.65
2015-10-01,2313.85,2639.7,229.6,1173.25,18270.55,2413.35
2015-10-05,2384.4,2713.45,229,1180.5,18763.6,2501.65
2015-10-06,2377.6,2695.7,230.2,1154.85,18670.05,2532.55
2015-10-07,2452.3,2655.1,241.3,1133.15,18900.4,2539.2
2015-10-08,2435.2,2634.75,240.6,1132.45,18680.8,2539.6
2015-10-09,2444.15,2629.85,238.6,1167.85,18319.75,2565.25
2015-10-12,2425.35,2592.4,238.65,1122.5,17981.1,2547.65
2015-10-13,2460.75,2597.4,242.15,1098.65,17816.25,2538.85
2015-10-14,2439.6,2483.4,242.05,1097.45,18169,2505.75
2015-10-15,2451.8,2468.65,242.6,1097,18318.8,2567.45
2015-10-16,2458.45,2475.95,247.55,1093.75,18283.05,2586.85
2015-10-19,2459.75,2486.85,246.95,1112.2,18249.4,2613.55
2015-10-20,2438.3,2526.7,245.85,1125.35,18145.85,2605.05
2015-10-21,2518.25,2525.5,252.15,1137.6,18199.25,2619.05
2015-10-23,2513.85,2536.2,251.5,1148.55,18144.6,2594.95
2015-10-26,2567.55,2535.2,244.05,1151.4,17942.7,2619.3
2015-10-27,2582.25,2529.8,276.15,1148.45,17688.25,2620.4
2015-10-28,2568.8,2524.65,271.8,1151.35,17385.4,2623.55
2015-10-29,2575.15,2496.15,263.95,1142.7,17445.2,2625.75
2015-10-30,2549.6,2497.3,265.4,1136.05,17761.9,2585
2015-11-02,2432.15,2511.2,274.15,1131.55,17971.35,2549.1
2015-11-03,2421.35,2542.6,287.5,1143,18003.25,2583.75
2015-11-04,2448.75,2529.45,285.6,1137.05,17805.3,2614.4
2015-11-05,2414.25,2490.75,281.2,1122.45,17693,2638.6
2015-11-06,2422.9,2505.75,282.85,1138.05,16692.75,2632.9
2015-11-09,2409,2475.05,290.65,1133.95,15933.4,2618.5
2015-11-10,2453.2,2461.7,296.25,1106.4,15876.55,2657.4
2015-11-11,2451.05,2470.55,297,1109.15,16049.3,2644.4
2015-11-13,2377,2397.3,296.3,1100.45,15616.25,2610.95
2015-11-16,2383.5,2374.9,296.25,1080.2,15294.8,2611.45
2015-11-17,2363.85,2390.5,294.15,1061.1,15489.95,2597.8
2015-11-18,2345.65,2351.9,286.3,1019.85,15875.8,2571.85
2015-11-19,2423.65,2363.2,294.4,1047.3,16165.6,2591.35
2015-11-20,2468.5,2395.55,293.45,1052.9,16408.95,2563.65
2015-11-23,2523.2,2391.7,294.25,1053.5,16757.05,2637.25
2015-11-24,2478.85,2370.1,290.45,1041,16649.3,2645.8
2015-11-26,2462.4,2345.15,298.2,1053.2,16514.3,2680.8
2015-11-27,2448.85,2352.65,305.45,1066.3,16567.95,2704.15
2015-11-30,2481.55,2365.25,306.9,1088.45,16723.4,2702.65
2015-12-01,2461.2,2362.15,304,1076.65,16232.25,2677.75
2015-12-02,2499.4,2365.25,289.2,1060.2,16343.75,2675.85
2015-12-03,2481.1,2350.85,283.3,1056,16644.15,2618.35
2015-12-04,2469.15,2330.15,283.75,1047.8,16415.2,2617.15
2015-12-07,2449,2324.1,281.8,1045.85,16227.75,2621.35
2015-12-08,2462.45,2329.5,275.15,1044.95,16326.05,2602.85
2015-12-09,2390.45,2365.7,270.4,1029.35,15723.85,2546.8
2015-12-10,2441.45,2380.75,278.55,1046.4,16032.05,2545.6
2015-12-11,2411.9,2387.25,274.05,1052.35,15561.8,2523.3
2015-12-14,2409.75,2377.45,275.05,1069.5,15365.2,2537.45
2015-12-15,2435.45,2375.2,285.05,1076.9,15793.65,2563.85
2015-12-16,2451.65,2407.1,281.75,1095.4,16048.4,2593.45
2015-12-17,2524.2,2440.35,287.3,1106.95,16235.7,2649.75
2015-12-18,2481.95,2416.45,286.1,1085.95,16175.9,2641.6
2015-12-21,2489.25,2440.95,289.05,1102,16030.45,2695.8
2015-12-22,2476.1,2405.95,288.05,1083.6,16084.45,2669
2015-12-23,2475.6,2420.4,290.1,1098,16195.3,2675.2
2015-12-24,2484.8,2433.35,285,1095.85,16184.55,2689.7
2015-12-28,2487.45,2458.5,285.5,1101.65,16575.1,2702.25
2015-12-29,2531.15,2451.95,293.3,1103.75,16664.25,2734.25
2015-12-30,2515.5,2418.4,290.2,1086.05,16527.35,2711.65
2015-12-31,2533.5,2439.2,289.65,1104.55,16855.2,2695.25
2016-01-01,2520.05,2416.25,287.1,1103.15,17365.25,2687.85
2016-01-04,2488.15,2375.5,286.45,1080.6,17506.25,2645.5
2016-01-05,2497.05,2350.35,286.95,1074.8,17169.5,2621.05
2016-01-06,2485.5,2381.2,286.55,1069.45,17550.15,2581.75
2016-01-07,2419.25,2370.05,277.6,1051.25,17066.3,2513.15
2016-01-08,2376.85,2397.25,284.6,1062.65,17222.85,2489
2016-01-11,2359.8,2363,285.85,1057.1,17257.2,2503.2
2016-01-12,2342.45,2324.05,289.7,1050.05,17048.95,2469.55
2016-01-13,2364,2280.3,288.1,1082.35,17067.4,2470.75
2016-01-14,2362.15,2278.95,281.4,1128.7,16997.9,2433.1
2016-01-15,2335.2,2263.5,277.65,1140.2,16297.8,2425.35
2016-01-18,2249.6,2282.45,274,1131.95,15453.9,2431.2
2016-01-19,2266.6,2279,282.55,1139.1,15794,2482.95
2016-01-20,2276.25,2277.6,274.1,1121.65,15551.5,2488.05
2016-01-21,2274,2261.2,274.2,1136.5,15556,2473.5
2016-01-22,2317.6,2295.25,285.05,1135.9,16464.95,2586.05
2016-01-25,2323.15,2305.95,288,1137.65,16426.1,2520.8
2016-01-27,2301.7,2319.6,289.85,1138.35,16211.05,2482.05
2016-01-28,2269.75,2330.9,291.65,1131.35,15972.6,2448.55
2016-01-29,2341.9,2391.2,291.5,1164.85,16546.75,2562.8
2016-02-01,2328.1,2402.2,295.35,1171.3,17057.05,2535
2016-02-02,2362.55,2401.5,293.1,1174.8,17197.15,2521.8
2016-02-03,2348.05,2417.05,287.45,1158.15,16773.6,2484.7
2016-02-04,2310.05,2417.45,281.35,1179.9,16940.65,2510.5
2016-02-05,2361.1,2425.85,288.4,1174.95,18128.45,2578.05
2016-02-08,2348.7,2368.5,287.05,1149.1,18374.2,2568.1
2016-02-09,2377.65,2281.45,285.75,1109.3,18168.8,2579.65
2016-02-10,2371.05,2270.05,286.4,1110.15,17897.9,2547.45
2016-02-11,2331.15,2196.05,277.95,1081.15,17626.95,2498.45
2016-02-12,2302.95,2226.5,276.15,1083.5,17993.2,2486.5
2016-02-15,2343.25,2269.55,285.05,1091.35,18754.05,2515.7
2016-02-16,2334.75,2267.75,276.7,1081,18697.7,2508.45
2016-02-17,2356.9,2278,281.9,1095.45,18800.85,2523.9
2016-02-18,2405.5,2315.3,284.9,1122.7,18721.5,2620.95
2016-02-19,2457,2320.2,287.45,1125.55,18625.4,2704.85
2016-02-22,2475.3,2314.2,286.7,1125.3,18927.1,2705.95
2016-02-23,2396.25,2265.1,280.3,1123.95,18968.7,2660.3
2016-02-24,2344.65,2218.65,270.35,1125.4,19100.6,2623.45
2016-02-25,2317.8,2212.25,267.6,1111.25,18875.65,2623.3
2016-02-26,2236.85,2214.7,264.55,1121.05,18857.3,2557.15
2016-02-29,2200.4,2181.9,267.7,1083.75,18894.8,2499.65
2016-03-01,2260,2275,283.7,1124.5,19183,2667
2016-03-02,2233.6,2319.55,287.6,1156.25,19274.65,2807.75
2016-03-03,2279.25,2377.3,286.95,1169.15,19323.25,2824.75
2016-03-04,2304.7,2359.05,288.2,1170.55,19245.8,2835.8
2016-03-08,2316.85,2354.4,282.85,1163.55,19860.95,2809.9
2016-03-09,2313.85,2356.2,284.6,1178.5,19934.15,2816.95
2016-03-10,2319.9,2348,283.5,1145.95,19790.05,2812.1
2016-03-11,2325.8,2366,288,1142.5,19996.85,2810.5
2016-03-14,2313.05,2352,288.65,1140.95,19827.6,2817.15
2016-03-15,2278.45,2329.65,285.95,1134.35,19551.85,2812.95
2016-03-16,2249.65,2327.35,283.9,1152,18702.65,2797.95
2016-03-17,2269.8,2351.75,283,1160.2,18017.7,2819.5
2016-03-18,2301.85,2427.25,286.8,1190.2,18403.1,2832.9
2016-03-21,2311.8,2443.65,305.1,1195,18372.45,2802.75
2016-03-22,2309.65,2474.05,317.15,1189.9,18227.45,2866.75
2016-03-23,2354.45,2474.7,309.3,1207.75,18541.1,2870.35
2016-03-28,2355.5,2473.55,314.3,1204.7,18408.4,2848.2
2016-03-29,2347.3,2467.85,315.25,1198.95,18627.85,2851.35
2016-03-30,2417.2,2488.35,321.5,1205.8,18708.85,2922.45
2016-03-31,2406.1,2516.05,322.65,1217.95,19139.85,2943.4
2016-04-01,2417.15,2455.4,324.85,1205.9,19238.5,2951.05
2016-04-04,2449.7,2470.7,324.3,1243.55,19489.1,2979.4
2016-04-05,2396.45,2462.65,314.55,1218.6,18746.6,2956.25
2016-04-06,2396.75,2478.9,316.6,1201.1,19173.2,2983.55
2016-04-07,2374.8,2470.95,314.4,1181.65,18869.65,2968.3
2016-04-08,2390.65,2428.7,313.15,1167.35,19178.2,2920.3
2016-04-11,2431.8,2506.65,315.25,1184.4,19360.9,2976.55
2016-04-12,2459.1,2512.5,318.65,1182.3,19528.85,3049.95
2016-04-13,2580.8,2523.15,326.8,1172.05,19896.85,3151.65
2016-04-18,2540.3,2522.4,333.6,1238.8,20252.9,3065.35
2016-04-20,2536.3,2451.9,335.9,1243.25,20499.3,3040.7
2016-04-21,2496.1,2423.2,324.6,1226.4,20312.7,2988.5
2016-04-22,2521.1,2417.2,331.5,1213.85,20164.65,3001
2016-04-25,2543.25,2448.3,323.1,1217.05,19939.45,2967.4
2016-04-26,2549.65,2488,329.75,1232.95,20167.4,2932.1
2016-04-27,2549.1,2505.55,327.95,1240,20127.2,2949.05
2016-04-28,2488.45,2526.95,318.7,1211.45,20250.8,2901.3
2016-04-29,2484.6,2530.05,320,1210.85,20032.65,2901.3
2016-05-02,2477.55,2525.15,318.7,1200.65,19874.75,2907.7
2016-05-03,2463.2,2480.25,287.9,1180.75,19969.4,2884.4
2016-05-04,2459.2,2478.25,289.85,1189.55,19746.5,2897.7
2016-05-05,2453,2474,295.25,1192.45,19687.45,2893.95
2016-05-06,2435.85,2472.15,300,1181.45,20216.8,2885.05
2016-05-09,2527.95,2515.35,301,1199.15,20475.45,2948.1
2016-05-10,2532.8,2523.6,298.2,1212.55,20255.9,2961.9
2016-05-11,2517.75,2517.75,297.35,1201.05,19981.45,2960.65
2016-05-12,2550.45,2567.05,295.75,1210.2,19749.55,2950.15
2016-05-13,2514.3,2523.4,296.65,1206.7,18995.75,2915.85
2016-05-16,2518.6,2553.8,295.85,1213.95,19067.15,2902.95
2016-05-17,2513,2570.2,294.15,1214.05,18611.35,2927.95
2016-05-18,2466.45,2550.45,296.6,1209.75,18720.15,2884.85
2016-05-19,2440.7,2555.55,295.9,1205.35,18223.2,2890.3
2016-05-20,2461,2532.05,296.95,1201.75,18286.95,2896.75
2016-05-23,2416.75,2491.7,295.15,1190.75,18257.1,2883.95
2016-05-24,2384.5,2467.5,294.35,1188.2,18175.65,2893.3
2016-05-25,2478.85,2526.7,296.05,1208.85,18525.4,2929.25
2016-05-26,2505.15,2552.8,298.55,1231.65,18421.1,2971.1
2016-05-27,2567.45,2572.05,291.95,1246.4,18751.3,3003.25
2016-05-30,2608.75,2635.35,288.95,1263.45,18720.95,3093.9
2016-05-31,2618.9,2575.1,285.75,1249.85,18524.2,3099.15
2016-06-01,2602.7,2631.85,288.6,1256.45,18692.15,3087.3
2016-06-02,2594.85,2646.9,296.6,1260.25,18767.3,3137.3
2016-06-03,2635,2630.85,297.1,1266.45,18781.5,3146.8
2016-06-06,2633.25,2611.35,295.45,1267.1,18955.35,3102
2016-06-07,2642.25,2631.45,294.55,1257.2,18805.7,3127.9
2016-06-08,2631.55,2611.1,290.05,1238.3,18799.65,3170.4
2016-06-09,2593.25,2577.5,290.4,1185.45,18608.65,3083.25
2016-06-10,2585.05,2560.95,287,1180.8,18620.65,3067.45
2016-06-13,2587.2,2551.95,287.95,1182.55,18416.85,3039.2
2016-06-14,2561.2,2534.7,290.75,1175.2,18761.3,3011.55
2016-06-15,2602.1,2555.7,291.75,1189.2,18634.65,3066.7
2016-06-16,2566.4,2557.1,291.5,1186.2,18783.4,3023.4
2016-06-17,2577.1,2603.5,292.4,1178.3,18744.85,3028.2
2016-06-20,2612.05,2655.7,292.9,1208.6,18654.95,3048.65
2016-06-21,2625.2,2647.3,296.15,1205.9,18730.5,3048.75
2016-06-22,2626.65,2665.5,294.9,1198.55,18771.5,3068.6
2016-06-23,2651.25,2644.3,295.55,1211.55,18660.25,3062.7
2016-06-24,2679,2570.7,297.2,1194.5,18623.8,3055.95
2016-06-27,2651.6,2495.35,296.95,1166.25,18701.4,3054.6
2016-06-28,2626.2,2461.8,297.1,1161.05,19188.5,3025.5
2016-06-29,2644.75,2499.6,299.7,1176.55,19110.45,3145
2016-06-30,2686.25,2550.8,309.7,1170.75,19223.7,3180.85
2016-07-01,2668.9,2501.8,310.55,1172.1,19156.55,3176.65
2016-07-04,2650.85,2494.8,312.9,1184.25,19463.6,3161.75
2016-07-05,2613.95,2482.7,306.5,1175.45,19419.3,3111.5
2016-07-07,2610.4,2429.05,299.8,1157.2,19576.95,3101.3
2016-07-08,2606.45,2425.5,297.5,1158.75,19451.8,3160.2
2016-07-11,2649.2,2463.65,298.95,1174.85,19550,3236.55
2016-07-12,2652.15,2461.5,304.7,1176,19668.6,3243.75
2016-07-13,2655.65,2491.4,307.65,1193.15,19526.3,3235.55
2016-07-14,2661.55,2520.3,304.4,1175.85,19509.5,3251.3
2016-07-15,2688.4,2441.9,306.6,1072.25,19774.2,3237.7
2016-07-18,2755.8,2433.5,302.85,1081.7,19900.8,3254.5
2016-07-19,2750.25,2461.55,300.5,1086.3,19696,3229.4
2016-07-20,2769,2493.25,302.9,1083.05,19857.75,3276.6
2016-07-21,2764.9,2501.25,300.25,1080.35,19684.9,3265.65
2016-07-22,2720.75,2509.15,301.5,1072.65,19832.1,3260.35
2016-07-25,2700,2551.55,300.65,1080.5,19938.35,3279.7
2016-07-26,2670.15,2548.3,291.4,1088.8,20122.2,3210.3
2016-07-27,2668.75,2576.1,287.8,1087.55,20335.35,3203.5
2016-07-28,2660.6,2615.55,290.2,1079.2,21075.2,3192.3
2016-07-29,2702,2618.55,291.4,1073.95,22465.8,3206.45
2016-08-01,2735.4,2698,295.05,1085,22297.75,3219.35
2016-08-02,2748.45,2692.1,299.55,1084.3,21839.75,3260
2016-08-03,2716.3,2656.25,297.45,1085,21382.15,3237.1
2016-08-04,2739.8,2652.65,298.6,1072.15,21423.85,3270.1
2016-08-05,2859.85,2648.9,303.05,1067.4,22258.3,3434.3
2016-08-08,2873,2651.9,304.1,1078.8,22440.65,3456.8
2016-08-09,2864.15,2650.55,298.9,1081.5,22064.3,3407.3
2016-08-10,2849,2673.9,295.65,1079.95,21724.2,3320.5
2016-08-11,2844.7,2704.3,296.75,1077.1,22281.7,3303.8
2016-08-12,2867.45,2732.35,298.3,1063.3,22263.3,3313.3
2016-08-16,2875.65,2691.45,298.8,1050.95,22450.5,3294.7
2016-08-17,2932.9,2623.9,313.1,1033.4,22275.2,3360.15
2016-08-18,2942.75,2636.7,311.85,1024.3,22190.05,3369.4
2016-08-19,2931.5,2603.95,311.6,1021.1,21759.35,3359.25
2016-08-22,2931.45,2551.45,306.3,1015.4,21798.25,3337.95
2016-08-23,2875.25,2603.2,307,1039.25,22003.05,3306.45
2016-08-24,2872.25,2571.9,306.65,1057.55,22121.8,3309.5
2016-08-25,2863,2550.1,306.5,1036.55,22116.35,3303.75
2016-08-26,2857.25,2529.15,303.15,1020.75,22327.4,3316.8
2016-08-29,2884.3,2501.6,311.7,1022.25,22310.6,3405.75
2016-08-30,2982.15,2548.7,325.85,1041,23043.55,3473.35
2016-08-31,2980.95,2512.55,325.85,1036.8,22732.7,3547.5
2016-09-01,2996.55,2507.6,327.5,1037.65,22786.4,3546.9
2016-09-02,2999.85,2513.5,331.85,1031.05,22801.35,3578.55
2016-09-06,3006.65,2484.05,333,1045.1,22971,3614.05
2016-09-07,2985.85,2447,330.4,1055,22973.9,3609.85
2016-09-08,3090.55,2321.15,337.95,1037.9,23349.85,3697.65
2016-09-09,3034.1,2352.5,330,1036,22949.75,3623.8
2016-09-12,2955.3,2359.1,320.9,1054,22744.65,3529.05
2016-09-14,2980.05,2328.55,326.15,1047.1,22596.2,3589.5
2016-09-15,2931.95,2328.05,321.1,1041.35,22491.3,3522.6
2016-09-16,2980,2361.15,338.1,1060.35,23056.35,3585.15
2016-09-19,2945.75,2407.35,337.05,1061.15,23082.15,3554.3
2016-09-20,2888.1,2411.1,332.9,1050.35,23343.8,3468.1
2016-09-21,2902.9,2413.5,333.15,1056.7,24118.75,3460
2016-09-22,2925.5,2377.65,349.25,1058.5,24777.65,3538.6
2016-09-23,2926.6,2397.3,350.45,1043,24863.55,3531.75
2016-09-26,2890.75,2400.85,347.4,1035.7,24660.35,3463.7
2016-09-27,2871.05,2430.7,347.75,1040.45,24614.55,3450.55
2016-09-28,2913.9,2423.45,351.7,1038.6,25741.8,3450.45
2016-09-29,2844.55,2434.6,348.15,1029.9,24859.75,3428.5
2016-09-30,2832.15,2427.2,365.6,1038.1,24917.4,3414.35
2016-10-03,2882.55,2411.8,377.65,1037.85,25773.15,3523
2016-10-04,2894.35,2401.1,377.45,1048.8,25825.45,3531.55
2016-10-05,2857.2,2382.55,379.55,1041.15,26260.65,3490.4
2016-10-06,2825.9,2384.25,383.9,1026.65,26217.2,3473.6
2016-10-07,2883.9,2368.25,386.1,1012.65,25804.25,3471.7
2016-10-10,2874.85,2380.1,388.9,1029.55,25835.1,3489.7
2016-10-13,2823.75,2328.5,384.15,1052.05,25804.85,3493.5
2016-10-14,2804.8,2365.9,390.95,1027.4,25397.05,3482.2
2016-10-17,2754.3,2362.9,388.3,1022.05,24645.45,3404.15
2016-10-18,2790.85,2398.3,395.4,1038.2,25083.4,3410.5
2016-10-19,2787.15,2394.2,391,1041.6,25007.25,3367
2016-10-20,2788.25,2399.85,392.2,1036.95,24965.95,3362.75
2016-10-21,2798.95,2428.7,395.7,1038.1,25109.4,3360.55
2016-10-24,2789.3,2427.85,395.25,1029,24893.85,3334.3
2016-10-25,2799.95,2398.65,407.15,1017.35,24663,3357.25
2016-10-26,2818.65,2396.95,399.7,1014.85,24431.3,3421.55
2016-10-27,2764.35,2413.25,411.4,1006.15,24531.6,3314.75
2016-10-28,2834.65,2399.25,404.65,997.45,24025.65,3347.65
2016-10-30,2833.45,2394.6,410,1002.5,24021.8,3354.6
2016-11-01,2824.7,2347.7,403.95,988.85,25309.3,3370.8
2016-11-02,2817.65,2304.45,400.55,981.1,24799.9,3324.25
2016-11-03,2831.45,2319.95,392.25,966.9,24568.2,3379.5
2016-11-04,2813.35,2330.1,392.45,970.8,23951.95,3282.95
2016-11-07,2828.1,2279.35,390.1,978.75,24034.85,3350.15
2016-11-08,2865.7,2283.7,390,982.8,24237.05,3369.6
2016-11-09,2781.6,2171.05,379.3,955.85,23409.15,3235.7
2016-11-10,2735.3,2158.05,379.2,938.6,23070.35,3144.55
2016-11-11,2648.05,2105.05,360.55,921.85,21745.4,2981.75
2016-11-15,2575.75,2122.1,347.6,924.75,20284.35,2900.7
2016-11-16,2610.85,2190.25,359.2,940.1,21093.65,2914.5
2016-11-17,2544.35,2142.15,362.1,929.55,21026.95,2878.15
2016-11-18,2574.6,2123.15,362.35,919.8,21805.2,2934.75
2016-11-21,2527.6,2132.55,344.65,911.15,20357.95,2928.1
2016-11-22,2600.6,2134.3,349.25,913.95,20656.35,2997
2016-11-23,2595.75,2156.7,354.25,920.5,20910.55,3012.85
2016-11-24,2632.3,2186.5,359.2,932.7,20353.25,3049.6
2016-11-25,2612.85,2300.85,356,977.3,20144.5,3039.1
2016-11-28,2637.45,2277.3,353.8,979.65,20226.4,3101.5
2016-11-29,2661.8,2258.4,358.6,972.65,21343.4,3160.05
2016-11-30,2683.75,2276.75,372.05,975.45,21675.4,3169
2016-12-01,2685.15,2266.45,367.7,976.05,22179.15,3178.35
2016-12-02,2702.45,2223.9,358.25,964.1,22699.05,3183.7
2016-12-05,2737.5,2186.45,357.15,961.4,22741.9,3224.4
2016-12-06,2728.05,2190.45,355.55,966.95,22463.1,3198
2016-12-07,2701.7,2158.2,359.8,966.6,23316.2,3227.2
2016-12-08,2773.75,2196.9,363.85,984.75,23257.2,3308.95
2016-12-09,2719.55,2193.45,363,987.35,22849,3281.15
2016-12-12,2652.75,2206.25,366.3,977.5,22215.15,3216.55
2016-12-13,2659.4,2200.85,381.95,990.05,22286.7,3201.95
2016-12-14,2649.45,2207.9,379.9,999.05,21806.1,3163.2
2016-12-15,2674.65,2259.5,378.15,993.25,21495.75,3168.1
2016-12-16,2658.9,2281.75,376.5,1004.2,21757.45,3128
2016-12-19,2646.3,2287.5,374.95,1002.2,21543.7,3105.7
2016-12-20,2585.4,2337.75,369.95,1010.4,21160.3,3057.15
2016-12-21,2585.65,2312.75,370.4,1003.7,21328.55,3026.65
2016-12-22,2566.55,2309.85,366.85,985.2,21301.4,3000.5
2016-12-23,2621.35,2290.2,370.35,989.3,20919.55,3036
2016-12-26,2596.7,2292.1,366.3,983,20275.5,3004.4
2016-12-27,2633.6,2321.85,352.4,999.25,20565.1,3034
2016-12-28,2631.6,2315.8,353.05,999.15,20885.25,3004.8
2016-12-29,2655.45,2350.75,363.3,994.1,21477.85,3032.3
2016-12-30,2633.85,2361.95,360.65,1010.7,21812.1,3044.75
2017-01-02,2596.8,2359.05,366.15,1001.6,22510.6,3028.7
2017-01-03,2620.1,2368.5,377.4,994.65,22497.55,2987.35
2017-01-04,2688.55,2378.55,374.35,998.3,22177.8,3014.25
2017-01-05,2720.95,2334.55,384.75,996.4,22324.75,3072.3
2017-01-06,2708.4,2283.6,385.4,971.45,22714.6,3068.6
2017-01-09,2721.05,2303.75,384.35,970.55,22979.15,3035.9
2017-01-10,2740.8,2315.45,383.1,970.6,22986.3,3062.95
2017-01-11,2717.55,2323.05,380.95,969,23174,3087
2017-01-12,2731.5,2343.3,388.85,1000.05,22816,3079.65
2017-01-13,2708.05,2252,383.55,975.15,22773.1,3044.65
2017-01-16,2722,2258.55,382.9,955.7,22327.25,3091.4
2017-01-17,2729.9,2277.65,379.2,956.05,22285.4,3131.65
2017-01-18,2704.3,2295,383.2,950.9,22441.8,3088.85
2017-01-19,2695.95,2290.3,388.55,958.55,22845.15,3107.9
2017-01-20,2698.35,2287.45,378.7,948.8,22744.4,3056.6
2017-01-23,2707.4,2305.7,380.3,951.75,22727.95,3099.55
2017-01-24,2796.1,2318,401.2,945.1,23006.9,3133.25
2017-01-25,2851,2352.7,393,936.65,23011.85,3240.35
2017-01-27,2853.5,2358.05,391.65,942.15,23465.6,3216.3
2017-01-30,2825.35,2334.2,387.45,948.35,23301.45,3196.85
2017-01-31,2837.75,2229.9,385.35,929.3,23037.45,3179.25
2017-02-01,2856.65,2169.45,394.1,916.55,24007.95,3284.1
2017-02-02,2808.8,2205.8,389.35,935.35,23757.05,3226
2017-02-03,2809.95,2233.75,391.75,934.95,23382.65,3215.7
2017-02-06,2798.6,2240.55,395.95,934.45,23745.5,3262.8
2017-02-07,2775,2244.8,392.1,944.75,23717.9,3258.75
2017-02-08,2786.2,2262.65,397.4,936.45,23867.9,3223.8
2017-02-09,2785.25,2324.25,408,948.1,23857,3264.3
2017-02-10,2795.8,2396.7,411.1,968.05,23982.85,3266.45
2017-02-13,2806.4,2410.3,411.45,983.5,24779,3226.4
2017-02-14,2779.4,2402.95,409.35,987.3,25320,3161.15
2017-02-15,2790,2415.7,410.6,982.35,24718.8,3098.4
2017-02-16,2788.5,2446.9,422.1,1011.9,25262.9,3126.1
2017-02-17,2781.5,2408.15,425.5,999.7,25040.85,3085.65
2017-02-20,2793.1,2506.5,425.7,1011.7,25116.5,3103
2017-02-21,2806.1,2464.3,429,1012.95,25234.45,3128.5
2017-02-22,2799.8,2409.55,426.95,991.85,25032.7,3164.8
2017-02-23,2812.05,2481.65,433.35,1009.05,24889.6,3177.2
2017-02-27,2801.85,2488.9,434.8,1012.75,24333.65,3168.35
2017-02-28,2758.25,2466.5,428.45,1012.3,24169.05,3135
2017-03-01,2773,2480.05,424.85,1025,23712,3184
2017-03-02,2831.8,2501.15,426.2,1020.65,23449.2,3227.55
2017-03-03,2831.1,2492.35,429.35,1031.15,23080.75,3270.55
2017-03-06,2878.75,2470.65,426.7,1033.85,23076.2,3320.85
2017-03-07,2876.55,2500.7,424.65,1019.7,23217.8,3299.4
2017-03-08,2865.5,2513.9,417.7,1007.25,23475.45,3270.9
2017-03-09,2872.7,2519.55,419.9,1011.6,23404.4,3273.7
2017-03-10,2866.15,2541.8,425.5,1020.1,23393.25,3311.6
2017-03-14,2867.25,2562.35,435.8,1035,23963.25,3357.5
2017-03-15,2870.35,2500.3,438.45,1012.1,24099,3399.25
2017-03-16,2936.7,2518.95,438.2,1028.5,24514.5,3348.8
2017-03-17,2913.8,2526.85,442.45,1040,24601.75,3345.25
2017-03-20,2920.75,2480.8,439.75,1020.6,25033,3337.65
2017-03-21,2908.6,2486.15,439.55,1032,24902.05,3342.8
2017-03-22,2853.2,2479.1,432.7,1027.8,24541.7,3310.55
2017-03-23,2864.65,2458.9,427.4,1040.6,24361.6,3366.55
2017-03-24,2846.35,2426.75,427.95,1031.8,24365.95,3376.6
2017-03-27,2813.35,2412.1,428.9,1028.8,24168,3340.25
2017-03-28,2822.95,2429.85,432.3,1035.1,24936.8,3328.05
2017-03-29,2831,2443.75,430.8,1031.35,25056.25,3223.25
2017-03-30,2820.65,2443.75,434.75,1024.5,25638.15,3231.5
2017-03-31,2807.5,2431.1,431.6,1020.8,25554.15,3223.85
2017-04-03,2783.9,2413.3,435.2,1009.45,25493.45,3204.7
2017-04-05,2760.7,2402.85,450.45,995.4,25676.5,3196.35
2017-04-06,2801,2399.75,449.7,999.15,25552.2,3205.35
2017-04-07,2832.7,2427.1,468.5,981.25,25778.3,3216.6
2017-04-10,2837.7,2421.15,475.15,952.95,25564.55,3199.45
2017-04-11,2822.45,2420.8,473.5,967.15,25819.2,3201.35
2017-04-12,2835.75,2394.2,474.5,968.8,26357.7,3226.15
2017-04-13,2837.35,2327.85,474,931.4,26104.6,3224.9
2017-04-17,2850.5,2320.85,471.95,924.8,26107.9,3229.95
2017-04-18,2822.55,2308.65,468.85,922.4,25566.2,3223.95
2017-04-19,2810.45,2301.75,470.85,918.8,25430.45,3204.6
2017-04-20,2832.3,2328.35,489.45,927.65,25502.1,3201.25
2017-04-21,2823.9,2311.2,482.95,923.7,25551.25,3204.9
2017-04-24,2859.3,2329.1,485.45,926.05,26091.15,3204.55
2017-04-25,2896.4,2311.3,488.95,929,26089.65,3305.7
2017-04-26,2888.05,2310.45,502.25,914.05,26027.4,3309.7
2017-04-27,2860.6,2301.4,503.05,923.95,25974.8,3297.15
2017-04-28,2868.35,2272.1,495.6,919.4,26022.25,3310.7
2017-05-02,2904.95,2291.95,494.7,921,25767.25,3351
2017-05-03,2923.6,2337.4,499.15,935.65,25900.05,3368.15
2017-05-04,2934.8,2327.1,496.95,936.3,25764.6,3394.1
2017-05-05,2890.15,2319.95,492.7,931.5,25837.45,3362.6
2017-05-08,2854.85,2341.9,500.8,945.45,26910.3,3393.85
2017-05-09,2861.2,2352.75,499.3,946.7,27113.05,3289.8
2017-05-10,2899.4,2332.5,497.05,943.2,27851.75,3322.4
2017-05-11,2998.25,2351.25,499.25,943.85,29402.1,3463.8
2017-05-12,3001,2359.5,515.9,963.9,29169.6,3536.95
2017-05-15,2992.3,2364.4,524.65,951.95,28937.05,3517.3
2017-05-16,3023.9,2427.25,532.8,956.5,29307.45,3619
2017-05-17,3032.6,2451.35,532.75,952.2,29116.15,3642.75
2017-05-18,2973.85,2534.1,529.65,961.7,28349.2,3596.1
2017-05-19,2971.45,2506.8,525.1,957.9,27903.55,3572.95
2017-05-22,2912.5,2529.3,526.55,959.75,27223.65,3564.5
2017-05-23,2824.4,2520.45,525.15,957.4,27589.35,3585.45
2017-05-24,2771.55,2557.8,523.6,953.55,27411.8,3562.8
2017-05-25,2821.6,2619.95,541.95,981.9,27954.05,3615.75
2017-05-26,2816.3,2579.3,534,996.2,28348.45,3616.1
2017-05-29,2834.4,2571.5,533.9,985.3,28177.7,3667.5
2017-05-30,2846.25,2551.7,540.45,996.45,28336.25,3739.5
2017-05-31,2843.95,2544.35,538.1,976.95,28431.15,3742.8
2017-06-01,2840.75,2550.85,534.95,970.95,28756.1,3734.55
2017-06-02,2846.1,2561.85,541.55,969.45,29179.95,3841.75
2017-06-05,2900.7,2601.05,542.15,960.2,29323.8,3826.7
2017-06-06,2875.25,2695.4,536.1,979.45,29224.6,3815.8
2017-06-07,2873.4,2615.35,536.15,961.5,29621.05,3844.05
2017-06-08,2869.25,2521.5,543.75,956.3,29613.8,3784.55
2017-06-09,2866.1,2510.25,551.65,948.65,29748.5,3779.35
2017-06-12,2826.9,2489.9,552.25,963.8,29311.7,3774.65
2017-06-13,2828.1,2453.4,555.75,958.2,29179.75,3752.55
2017-06-14,2831.1,2470.8,545.8,958.65,29024.1,3786.65
2017-06-15,2815.45,2411.1,542,952.3,28804.5,3779.35
2017-06-16,2808.95,2397.45,550.2,940.5,28722.65,3778.4
2017-06-19,2834.5,2431.9,551.05,929.45,28465,3826.05
2017-06-20,2816.45,2441.5,549.2,943.8,27878.35,3801.2
2017-06-21,2821.1,2406.05,544.95,943.95,27561.95,3768.65
2017-06-22,2840.45,2395.75,542.1,940.3,27652.85,3733.15
2017-06-23,2824.6,2360.65,536.55,943.35,27172.4,3660.3
2017-06-27,2779.2,2345.9,533.1,926.35,26669,3695.95
2017-06-28,2781.4,2351.2,535.35,924.4,27227.6,3687.85
2017-06-29,2802.9,2334.65,544.6,929.5,27436.2,3719.15
2017-06-30,2790.5,2364.35,549.45,935.65,27013.7,3696.7
2017-07-03,2790.7,2373.4,552.1,951.4,27752.1,3777
2017-07-04,2771.25,2364,550.55,960.5,27841.95,3699.95
2017-07-05,2771.8,2357.75,547.35,951.05,28048.2,3707.05
2017-07-06,2729.6,2344.8,553.7,947.5,27701.55,3721.4
2017-07-07,2707.95,2332.2,572.1,936,27856.6,3682.5
2017-07-10,2729.5,2440.85,569.45,959.05,27928.75,3732.75
2017-07-11,2793.4,2471.9,566,975.8,28125.1,3750.1
2017-07-12,2786,2439.1,564.25,973.8,28248.05,3731.95
2017-07-13,2790.5,2444.05,571.5,976.3,28053.5,3749.7
2017-07-14,2811.3,2398.8,569.4,972.05,27894.3,3753.2
2017-07-17,2811.95,2395.7,572.1,985.35,28050.95,3763.75
2017-07-18,2824.05,2405.25,571.5,985.4,28568.1,3785.5
2017-07-19,2824.75,2450.45,573.65,979.9,29181,3766.2
2017-07-20,2818.65,2445.2,572.4,969,29200.6,3729.55
2017-07-21,2815,2490.9,570.65,979.9,28858.25,3679.65
2017-07-24,2826.85,2532.65,576.95,991.2,28843.1,3691.15
2017-07-25,2844.95,2570.65,570.3,994.15,28376.6,3706.85
2017-07-26,2838.05,2554.8,570.9,993.75,28959.25,3717.75
2017-07-27,2846.4,2484.35,573.55,972.3,29061.65,3707.45
2017-07-28,2822.75,2482.75,582.55,997.85,29332.55,3631.8
2017-07-31,2807.6,2494.05,582.15,1011.3,30040.6,3654.1
2017-08-01,2823,2499.95,596.6,1005,31437.05,3721.55
2017-08-02,2802.05,2467.35,590.65,992.45,31172.65,3800.35
2017-08-03,2834.75,2489.55,586.6,983.6,30703.3,3839.15
2017-08-04,2873.7,2522.75,599,985.35,31590.75,3958.65
2017-08-07,2890,2504.6,602.6,968.15,32007.65,3953.6
2017-08-08,2913.8,2497.8,595.5,964.6,32135.6,3912.7
2017-08-09,2833.05,2501.95,589.95,969.45,31520.55,3884.25
2017-08-10,2794.8,2511.25,578.3,982.5,30192.75,3886.9
2017-08-11,2788.5,2494,536.4,987.75,29615.8,3844.75
2017-08-14,2833.4,2469.15,553.75,979.45,30401.95,3954.15
2017-08-16,2850.55,2491.05,585.75,976.8,30589.9,4018.05
2017-08-17,2820.7,2480.15,581,1021.15,30847.65,3996.85
2017-08-18,2815.7,2512.85,583.8,923.1,31454.2,3982.75
2017-08-21,2770.6,2521.4,575.15,873.5,31523.4,3967.6
2017-08-22,2740.5,2496.05,582.25,877.15,30997.8,3885.3
2017-08-23,2760.5,2493,584.25,894.5,30651.65,3890.15
2017-08-24,2734.45,2495.3,593.4,912.5,30806.75,3874.5
2017-08-28,2739.55,2485.85,603.95,941.15,31277,3960.05
2017-08-29,2732.25,2474.95,594.75,927.55,30846.45,3948.8
2017-08-30,2746.95,2486.75,611.5,926.65,30973.7,3987.15
2017-08-31,2808.45,2496.75,604.2,915.3,31404.25,3998.1
2017-09-01,2918.65,2463.2,608.55,920.1,31713.8,4047.3
2017-09-04,2913.4,2457.8,613.8,901.3,31685.15,3973.6
2017-09-05,2949.85,2477.65,612.65,901.1,31883.8,3970.6
2017-09-06,2925.8,2456.45,618.75,895.7,32040.9,3950.55
2017-09-07,2965.95,2458.95,632.5,895.55,32786.4,3982.9
2017-09-08,2913.85,2470.15,635.4,884.4,32628.7,3959
2017-09-11,2930.3,2463.55,639.3,878.55,32466.75,3945.85
2017-09-12,2933.4,2486.8,641.3,883.85,32582.3,3917.55
2017-09-13,2931.25,2488.1,638,883.55,32210.9,3895.5
2017-09-14,2928.65,2485.05,641.05,892.3,32059.4,3894.7
2017-09-15,3022.05,2498.55,649.95,908.6,31956.2,3891.25
2017-09-18,3129.8,2499.05,663.65,908.45,32763.85,3951.05
2017-09-19,3115.6,2498.3,659.35,911.3,32354.85,3948.6
2017-09-20,3088.1,2492.4,655.2,912,32388,3858.1
2017-09-21,3078.1,2525.85,650.4,909.55,31832,3888.85
2017-09-22,3039.4,2502.35,634.25,898.05,31522.8,3788.15
2017-09-25,3038.6,2508.2,641.9,896.65,30970.45,3755.65
2017-09-26,3036.4,2474.9,647.85,906.45,30823.85,3785.85
2017-09-27,3027.8,2490.15,644.6,898.65,30466.7,3732.4
2017-09-28,3034.1,2478.45,644,895.7,30168.45,3744.55
2017-09-29,3108.15,2437,658.5,898.75,31179.95,3781.2
2017-10-03,3163.8,2447.05,654.65,903.95,31157.75,3805.55
2017-10-04,3169.75,2442.55,653.8,899.8,30903.4,3794
2017-10-05,3130.8,2430.15,655.05,903.1,30787.55,3757.2
2017-10-06,3146.3,2445.15,659.65,919.45,31538.2,3703.7
2017-10-09,3128.15,2452.55,675.85,923.65,31794.85,3687.7
2017-10-10,3134.9,2459.55,685.8,935.6,31605.65,3692.4
2017-10-11,3142.25,2500.5,683.15,930.6,31251.15,3687.6
2017-10-12,3154.1,2548.55,696.45,927.15,31285.35,3742.3
2017-10-13,3164.7,2556.75,699,931.9,31368.2,3754.1
2017-10-16,3221.8,2585.1,700.4,939.3,31736.2,3773.75
2017-10-17,3263.7,2594.85,689.1,931.45,31829.25,3789.35
2017-10-18,3231.85,2589.05,690.05,924.45,31477.5,3747.8
2017-10-19,3215.2,2580.95,685.9,927.1,31486.3,3738.15
2017-10-23,3215.85,2585.95,685.6,939.65,31140.85,3790.4
2017-10-24,3214.85,2580.6,693.85,926.75,31466.1,3760.05
2017-10-25,3233.5,2561.75,693.4,935.4,31696.45,3769.3
2017-10-26,3278.9,2543,720.6,947.5,31494.7,3762.35
2017-10-27,3289.6,2579.2,718.05,947.45,31782.85,3797.05
2017-10-30,3274.75,2613,722.7,944.65,32360.75,3830.8
2017-10-31,3260,2616.3,725.3,921.65,32287.5,3854.75
2017-11-01,3240.5,2602.5,709,926.25,30929.75,3816.45
2017-11-02,3238.5,2625.8,708.2,922.9,31151.5,3733.05
2017-11-03,3223.1,2612.7,694.9,926.65,31168.85,3690.8
2017-11-06,3212.35,2667,706.3,928.6,31097.85,3691.4
2017-11-07,3163.25,2708.35,707.85,955.7,31146.6,3681.7
2017-11-08,3190.1,2730.45,694.4,951.95,31120.55,3632
2017-11-09,3199.95,2733.85,694.5,954.6,30819.75,3603.95
2017-11-10,3248.25,2703.3,707.9,960.6,30478.65,3606.4
2017-11-13,3211.6,2758.9,699.65,951.8,30561.85,3583.5
2017-11-14,3266.4,2716.75,701,949.45,30083.2,3653.65
2017-11-15,3212.35,2706.15,696.1,951.95,30476.15,3675.5
2017-11-16,3209.6,2746.6,705.3,988.6,30483.95,3661.6
2017-11-17,3212.05,2710.1,708.6,970.95,30637.6,3634.6
2017-11-20,3242.85,2704.65,708.7,961.35,30650.25,3658.5
2017-11-21,3292.95,2676.65,708.3,966.4,30397.25,3680.5
2017-11-22,3312.2,2683.2,718.75,966.3,30198.05,3661.85
2017-11-23,3261.85,2682.75,735.85,991.4,30635.95,3679.1
2017-11-24,3293.1,2688.75,739.3,1009.95,30808.2,3654.65
2017-11-27,3272.35,2687.05,745.25,997.5,30831.35,3654.7
2017-11-28,3292.6,2684.9,743.1,984.5,30512.05,3673.85
2017-11-29,3315.5,2658.55,735.85,983.3,30234.8,3656.85
2017-11-30,3311.7,2634.25,718.8,974.95,29981.05,3642.3
2017-12-01,3212.65,2630.55,724.45,958.5,29302.5,3606.95
2017-12-04,3199.95,2633.35,725.45,985.3,29399.1,3605.6
2017-12-05,3160.85,2633.8,737.3,984.4,28920.05,3522.15
2017-12-06,3108.6,2631.45,734.1,990.4,28204.75,3500.35
2017-12-07,3195.85,2617.65,748.8,1000.1,28857.05,3555.4
2017-12-08,3215.3,2601,747.2,1001.55,29005.05,3513.05
2017-12-11,3211.9,2656,753.8,1003.5,29242.8,3514.55
2017-12-12,3168.65,2614.15,760,1011.1,28610.1,3444.95
2017-12-13,3149.35,2627.3,745.25,1003.45,28689.5,3421.85
2017-12-14,3151.4,2558.55,750.3,1012.45,28702.95,3454.45
2017-12-15,3205.3,2547.85,759.1,1023.45,29503.35,3502
2017-12-18,3227.4,2577,761.3,1015.35,29909.5,3530.85
2017-12-19,3319.9,2575.05,785.3,1004.8,30794.95,3696.8
2017-12-20,3301.15,2588,778.45,1013.3,30254.75,3740.6
2017-12-21,3285.55,2594.1,777.4,1021.55,30221.4,3809
2017-12-22,3326.45,2639.8,774.85,1038.4,30247.85,3785.95
2017-12-26,3362.9,2642.8,769.95,1034.35,30121,3804.65
2017-12-27,3335.45,2621.05,769,1034.05,30164,3779.35
2017-12-28,3301.45,2628.85,763.05,1034,29951.75,3713.5
2017-12-29,3323.2,2700.4,771.3,1039.3,30290.55,3786.3
2018-01-01,3293.4,2654.65,766.35,1034.55,29901.3,3768.8
2018-01-02,3294.15,2633.75,775.6,1029.5,28697.45,3747.45
2018-01-03,3247.45,2635.2,770.4,1019.1,28794.6,3751.45
2018-01-04,3262.75,2649.8,765.95,1015.3,28574.7,3738.5
2018-01-05,3277.55,2684.45,767.9,1012.1,29250.85,3739.3
2018-01-08,3275.35,2707.75,767,1035.65,29131.3,3790.35
2018-01-09,3240.95,2708.45,771.65,1041.3,28594,3751.85
2018-01-10,3205.35,2807.1,768.25,1051.6,28100.25,3732.2
2018-01-11,3202,2788.4,755.65,1075.6,28382.95,3706
2018-01-12,3175.1,2772.9,750.85,1078.4,28514.4,3685.8
2018-01-15,3163.3,2747.2,740.05,1080.4,27991.15,3627.75
2018-01-16,3160,2850.85,722.65,1122.9,27906.55,3594.85
2018-01-17,3184.9,2889.45,730.9,1152.25,28193.9,3566.05
2018-01-18,3195.4,2910.1,718.3,1152.75,27926.35,3592.2
2018-01-19,3208.05,2954.75,715.4,1143.25,27987.45,3590.75
2018-01-22,3272.1,3113.15,714.4,1150.3,27652,3602.8
2018-01-23,3294.3,3103.1,707,1175.2,27112.9,3623.1
2018-01-24,3335.6,3174.6,707.4,1185.15,26400.85,3640.5
2018-01-25,3303.2,3117.85,704.85,1170.8,26524.95,3569.6
2018-01-29,3362.1,3195.1,719.7,1181.5,27463.45,3640
2018-01-30,3351.4,3153.7,712.9,1169.7,26653.1,3688.5
2018-01-31,3338.8,3111.75,695.1,1150.65,26948.9,3691.6
2018-02-01,3409.5,3138.9,674.05,1144.5,27995.35,3734.4
2018-02-02,3242.6,3149.15,644.8,1141.7,27738.8,3623.65
2018-02-05,3177.8,3106.5,659.1,1138.3,27575.95,3634.05
2018-02-06,3138.2,2995.35,649.35,1108.45,27567.95,3542.65
2018-02-07,3137.3,2955.35,648,1108.75,27997.6,3564.3
2018-02-08,3152.4,2966.25,665.5,1134.55,28116.75,3585.25
2018-02-09,3103.5,2972.3,663.65,1111.8,27743.1,3546.05
2018-02-12,3143.35,2967.9,661.5,1103.8,27873.65,3619.35
2018-02-14,3110.85,2910.45,651.75,1098.05,28020.75,3599.85
2018-02-15,3140.6,2925.75,655.9,1114.15,28322.4,3533.15
2018-02-16,3102.95,2937.2,652.45,1124.85,27350.1,3493.1
2018-02-19,3039.85,2924.55,652.25,1130,27083.1,3460.15
2018-02-20,3049.65,2945.05,650.2,1134.7,26924.6,3483.9
2018-02-21,3008.25,3043.05,635.5,1148.7,27379.35,3490.4
2018-02-22,2971,3040.4,630.5,1160.5,26805.45,3482.35
2018-02-23,2988,3076.9,666.65,1155.65,26717.35,3498.65
2018-02-26,3007.2,3035.25,679.3,1141.05,27181.05,3540.35
2018-02-27,3033.85,3043.25,675.8,1148.3,27141.65,3587.95
2018-02-28,3018.8,3038.25,681.05,1174.25,27421.45,3600.55
2018-03-01,3025,3037.1,676.8,1160.25,27734.85,3579.45
2018-03-05,2942.1,3104.3,664.5,1153.1,27563.3,3557.6
2018-03-06,2899.9,3049.8,645.1,1146.85,27421.1,3569.9
2018-03-07,2910.45,3029.25,634,1142.8,27450.15,3562.1
2018-03-08,2924.65,3001.5,646.1,1156.7,27702.3,3585.65
2018-03-09,2938.05,3034.5,645.7,1163.4,27875,3587
2018-03-12,2960.05,3051.85,650,1185.85,28323.3,3685.8
2018-03-13,2974.15,2892.45,642.7,1180.55,28794.7,3701.3
2018-03-14,2948.85,2886.1,642.75,1180.2,28796.15,3635.45
2018-03-15,2949.1,2869.15,643,1182.15,28655.35,3643.2
2018-03-16,2912.2,2825.5,631.65,1172.5,28048,3546.05
2018-03-19,2853.8,2828.85,614.7,1147.15,27421.25,3512.4
2018-03-20,2873.55,2859.15,623.2,1162.1,28286.4,3513.25
2018-03-21,2853.6,2854.6,615.4,1168.6,27954.5,3469.35
2018-03-22,2842.05,2829.95,605.55,1158.8,28008.6,3454.85
2018-03-23,2789.75,2816.45,609.4,1167.45,27919.3,3414.65
2018-03-26,2839.15,2813.05,619.75,1154.3,27840.85,3481
2018-03-27,2803.2,2841.85,616.85,1152.8,28412.6,3465.85
2018-03-28,2748.9,2849.3,616.95,1134.4,28336.95,3545.5
2018-04-02,2808.6,2902.9,662.3,1137.5,28301.4,3640.65
2018-04-03,2791.75,2908.1,649.35,1140.05,28051.95,3640.3
2018-04-04,2766.35,2907.05,645.35,1124.55,28944.4,3669.95
2018-04-05,2810.55,2957.15,648.8,1145,29667,3784.15
2018-04-06,2783.05,2949.7,645.4,1129.3,29793.85,3782.4
2018-04-09,2770.45,2921.15,645.75,1110.95,29849.3,3788.3
2018-04-10,2767,2931.85,641.3,1114.15,29980.75,3720.8
2018-04-11,2755.4,3015.5,630,1123.9,30689.4,3728.8
2018-04-12,2764.15,3137.3,642.15,1162.25,30671.8,3745.7
2018-04-13,2789.4,3151,662.15,1169,31341.55,3729.5
2018-04-16,2839.8,3184.8,675.5,1132.8,31300.1,3798.05
2018-04-17,2863,3165.9,674.2,1125,31039.9,3770
2018-04-18,2862.65,3159.5,674.75,1125.45,30870.35,3741.95
2018-04-19,2855.1,3190.65,674.7,1132.7,30902.65,3729.25
2018-04-20,2853.6,3406.4,667.65,1178.25,31155,3744.8
2018-04-23,2854.05,3415.2,664.5,1183.35,30934.2,3717.75
2018-04-24,2889.75,3385.65,663.9,1153.9,31149.45,3719.6
2018-04-25,2899.9,3467.9,655.75,1160.9,30739.3,3717.9
2018-04-26,2886.1,3540.35,651.75,1175.65,31188.1,3756.9
2018-04-27,2936.8,3454.8,668.25,1185.15,31557.55,3715
2018-04-30,2948,3531.4,667.75,1199.4,31214.95,3733.7
2018-05-02,2965.25,3497.8,637.55,1197.8,30479,3662.3
2018-05-03,2971.9,3482.65,637.9,1181.85,29905.1,3657.1
2018-05-04,2890.5,3480.85,616.25,1172.9,29217.3,3659.8
2018-05-07,2917.05,3427.7,627.6,1183.35,29806.3,3655.05
2018-05-08,2891.75,3441.05,625,1165.35,30435.25,3656.65
2018-05-09,2874.25,3489.05,621.15,1171.25,30305.45,3657.35
2018-05-10,2827.8,3452.75,617.6,1167.55,30688.6,3643.25
2018-05-11,2816.45,3460.6,624.4,1181,30861.15,3616.15
2018-05-14,2834.7,3436.75,619.55,1189.6,30471.95,3649.35
2018-05-15,2827.8,3482.45,621.35,1192.55,30742.8,3653.25
2018-05-16,2808.25,3495.55,610.1,1190.05,30549.95,3576.4
2018-05-17,2819.15,3492.7,590.65,1184.95,30494.8,3554.45
2018-05-18,2777.5,3502.35,572.15,1183.75,30131.25,3561.75
2018-05-21,2719.9,3557.95,562.6,1182.6,29444.65,3495
2018-05-22,2811.25,3508.05,563.75,1193.55,29918,3509.3
2018-05-23,2775.8,3497.05,565.05,1185.25,29399.25,3482.15
2018-05-24,2736.7,3604.8,542.05,1221.85,29483.35,3486.25
2018-05-25,2759.85,3589.45,564.45,1228.8,30103.3,3550.7
2018-05-28,2791.25,3503.8,584.9,1214.5,30636.75,3596.85
2018-05-29,2794,3522.7,594.1,1216.65,30492.95,3612.35
2018-05-30,2763.1,3517.75,604.8,1214.1,30239.35,3606.85
2018-05-31,2752.15,1744.8,587.85,1231.9,30647.25,3547.25
2018-06-01,2893.25,1732.25,595.7,1220.25,29788.8,3623.75
2018-06-04,2876.6,1744.55,566.15,1239.6,29382.2,3612
2018-06-05,2844.15,1721.2,566.25,1221.2,29261.65,3608.65
2018-06-06,2884.55,1727.25,568.1,1235.6,29895.5,3638.9
2018-06-07,2889,1734.6,575.45,1250.8,29667.2,3657.05
2018-06-08,2875.4,1748.2,580.2,1259.75,29560.35,3634.4
2018-06-11,2882,1750.6,584.05,1263.05,29639.85,3612.55
2018-06-12,2886.95,1781,581.5,1258.4,29225.2,3688.75
2018-06-13,2908.3,1824.2,576.4,1276.1,29382.8,3698.9
2018-06-14,2890.2,1792.25,584.4,1238.7,29531.55,3684.1
2018-06-15,2873.75,1841.45,581.75,1280.45,29506.4,3689.15
2018-06-18,2901.9,1830.7,594.45,1266.5,30125.05,3668.7
2018-06-19,2849.4,1825.85,590.7,1244.05,29962.3,3655.65
2018-06-20,2873.3,1826.3,585.15,1243.35,29764.05,3658.05
2018-06-21,2832.95,1819.85,580.25,1246.35,29492.5,3631.55
2018-06-22,2830.75,1811.8,582.6,1246.45,29154.65,3640.1
2018-06-25,2799.6,1820.45,597.4,1272.3,29436.1,3585.15
2018-06-26,2809.75,1852.7,585.85,1277.85,29090.05,3567.6
2018-06-27,2765.45,1859.8,568.6,1269.2,28371.3,3538.05
2018-06-28,2718.2,1847.3,556.65,1288.85,28373.55,3513.85
2018-06-29,2811.15,1847.2,552.3,1306.75,28560.8,3472.05
2018-07-02,2839.15,1855.6,556.4,1334.45,28200.5,3413.6
2018-07-03,2865.05,1875.9,559.45,1353.65,28102.7,3453.5
2018-07-04,2978.2,1869.65,581.1,1344.6,28256.75,3468.45
2018-07-05,2969.8,1881.7,570.25,1284.5,27962.1,3502.7
2018-07-06,3023.35,1913.3,577.45,1284.5,27586,3636.7
2018-07-09,3017.95,1887.65,589.5,1299.15,27686.6,3622.2
2018-07-10,3089.05,1877,585.95,1302.5,28280.7,3592.15
2018-07-11,3154.35,1979.6,579.25,1320.35,28178.25,3540.7
2018-07-12,3101.9,1971,578.4,1294.6,28020.35,3498.05
2018-07-13,3134,1981.25,583,1309.1,27601.3,3460.6
2018-07-16,3101.75,1988.8,571.4,1333.05,27392.55,3423.85
2018-07-17,3095.25,1997.85,572.85,1327.4,27215.95,3479.55
2018-07-18,3105.05,1997.3,568.7,1322.4,27262.5,3501.5
2018-07-19,3112.8,1981.45,563.7,1316.55,26982,3458.9
2018-07-20,2841.1,1995.95,564.4,1348.35,27052.4,3373.15
2018-07-23,2689.1,2005.05,540.3,1355.75,26999.55,3163.9
2018-07-24,2650.8,1996.85,551.85,1376,27700.8,3101.45
2018-07-25,2638.8,1979.4,540.5,1383.7,27346.2,3111.95
2018-07-26,2619.25,1963.3,524.85,1375.2,28266.7,3137.7
2018-07-27,2678.05,1943.1,526.1,1374.55,28963.8,3193.8
2018-07-30,2668.95,1944.95,513.65,1353.15,28570.35,3205
2018-07-31,2700.7,1941.25,517.45,1365,27820.95,3293.8
